tv/B/Brawn- The Impossible Formula 1 Story (2023) BEQ DD 5.1.xml,1700275926,1700408992
movies/C/The Creator (2023) BEQ DD+ Atmos.xml,1700415507,1700415507
movies/D/Duel (1971) BEQ Atmos.xml,1700438134,1700438134
movies/E/The Equalizer 3 (2023) BEQ Atmos.xml,1700438134,1700438134
movies/M/Manodrome (2023) BEQ DD+.xml,1700438134,1700438134
movies/O/Oppenheimer (2023) BEQ DTS-HD MA 5.1.xml,1700438134,1708108431
movies/P/Please Don't Destroy- The Treasure of Foggy Mountain (2023) BEQ DD+.xml,1700438134,1700438134
tv/L/The Lazarus Project (2022) (Season 02) BEQ DD+.xml,1700438134,1700438134
tv/M/A Murder at the End of the World (2023) BEQ DD+.xml,1700438134,1700438134
tv/M/Monarch- Legacy of Monsters (2023) (Season 01) BEQ DD+ Atmos.xml,1700438134,1700438134
movies/F/The Fugitive (1993) BEQ Atmos.xml,1700440577,1700440577
tv/L/Loki (2021) BEQ DD+ Atmos.xml,1700441656,1715039047
movies/A/American Graffiti (1973) BEQ DTS-HD MA 5.1.xml,1700489944,1700489944
movies/D/Duel (12) (1971) BEQ DTS-HD MA 5.1.xml,1700491850,1730319044
movies/F/Foe (2023) BEQ DD+ Atmos.xml,1700493154,1700493154
movies/G/God Is a Bullet (2023) BEQ DTS-HD MA 5.1.xml,1700494096,1700494096
movies/K/Knights of the Zodiac (2023) BEQ DD+ Atmos.xml,1700495077,1700495077
movies/R/Rumble Through the Dark (2023) BEQ DD+.xml,1700508311,1700508311
movies/I/The Invisible (2007) BEQ DD+.xml,1700510232,1700510232
tv/W/The Winchesters (2022) BEQ DD+.xml,1700510232,1700510232
movies/U/Under the Boardwalk (2023) BEQ DD+.xml,1700510793,1700510793
movies/M/The Marsh King's Daughter (2023) BEQ DD+.xml,1700584369,1700584369
movies/T/The Twilight Saga- New Moon (2009) BEQ Atmos.xml,1700594152,1700594152
movies/T/The Twilight Saga- Breaking Dawn - Part 2 (2012) BEQ Atmos.xml,1700624627,1700624627
movies/T/The Twilight Saga- Breaking Dawn - Part 1 (2011) BEQ Atmos.xml,1700625085,1700625085
movies/K/The Killer (2023) BEQ DD+.xml,1700706674,1700706674
movies/T/The Twilight Saga- Eclipse (2010) BEQ Atmos.xml,1700751515,1700751515
movies/L/Breaking the Press (2012) BEQ Atmos.xml,1700775185,1700775185
movies/H/Hell House LLC Origins- The Carmichael Manor (2023) BEQ DD+.xml,1700860456,1700860456
tv/L/Lessons in Chemistry (2023) BEQ DD+ Atmos.xml,1700971214,1700971214
tv/F/Faraway Downs (2023) (Season 01) BEQ DD+.xml,1701000631,1701000631
movies/A/DC- Live At Donington (2007) BEQ LPCM 5.1.xml,1701046752,1701046752
movies/G/The Greatest Game Ever Played (2005) BEQ DTS-HD MA 5.1.xml,1701103554,1701103554
movies/I/Indiana Jones and the Dial of Destiny (2023) BEQ Atmos.xml,1701105124,1701105124
movies/T/Titanic (1997) BEQ Atmos.xml,1701120289,1701120289
movies/A/DC- Live at River Plate (2011) BEQ LPCM 5.1.xml,1701133236,1701133236
movies/F/Freelance (2023) BEQ DD+.xml,1701199038,1701199038
movies/I/In the Land of Saints and Sinners (2023) BEQ DD+.xml,1701227051,1701227051
movies/K/Kane (2023) BEQ DD+.xml,1701229183,1701229183
movies/E/Expend4bles (2023) BEQ Atmos.xml,1701277984,1701277984
tv/O/Our Planet (2019) (Season 02) BEQ DD+ Atmos.xml,1701322816,1701322816
tv/P/Prehistoric Planet (2022) BEQ DD+ Atmos.xml,1701409663,1701409663
tv/P/Prehistoric Planet (2022) (Season 01) BEQ DD+ Atmos.xml,1701410759,1701410759
tv/P/Prehistoric Planet (2022) (Season 02) BEQ DD+ Atmos.xml,1701410759,1701410759
movies/I/I Am Number Four (2011) BEQ DTS-HD MA 5.1.xml,1701446773,1701446773
movies/T/The Shepherd (2023) BEQ DD 5.1.xml,1701449077,1701449077
tv/M/Monarch- Legacy of Monsters (2023) BEQ DD+ Atmos.xml,1701450233,1701450233
tv/F/For All Mankind (2019) (Season 04) BEQ DD+ Atmos.xml,1701459003,1701459003
movies/K/The Kill Room (2023) BEQ DTS-HD MA 5.1.xml,1701459751,1701459751
tv/U/Upload (2020) (Season 03) BEQ DD+.xml,1701464730,1701464730
movies/C/Candy Cane Lane (2023) BEQ DD+ Atmos.xml,1701527244,1701527244
movies/C/Confidential Informant (2023) BEQ DTS-HD MA 5.1.xml,1701530367,1701530367
movies/P/Pearl (2022) BEQ Atmos.xml,1701534895,1701534895
movies/S/Space Battleship Yamato (2010) (English) BEQ TrueHD 5.1.xml,1701556178,1701556178
tv/B/Beacon 23 (2023) (Season 01) BEQ DD+.xml,1701582529,1716785350
movies/T/Titan A.E. (2000) BEQ DD 5.1.xml,1701627466,1701627466
movies/S/Sympathy for the Devil (2023) BEQ DTS-HD MA 5.1.xml,1701643917,1701643917
tv/D/The Doll Factory (2023) BEQ DD+.xml,1701732847,1701732847
movies/T/There's Something in the Barn (2023) BEQ DD+.xml,1701820751,1701820751
tv/S/Shrinking (2023) (Season 01) BEQ DD+ Atmos.xml,1701879203,1701879203
movies/C/The Creator (2023) BEQ DTS-HD MA 5.1.xml,1701890509,1701890509
movies/P/Promising Young Woman (2020) BEQ DD+ Atmos.xml,1701909479,1764610454
movies/S/Stonehearst Asylum (2014) BEQ DD+ Atmos.xml,1701909479,1701909479
movies/B/The Bourne Identity (2002) BEQ DTS-HD MA 5.1.xml,1701968288,1701968288
movies/B/The Bourne Supremacy (2004) BEQ DTS-HD MA 5.1.xml,1701968288,1701968288
movies/B/The Bourne Ultimatum (2007) BEQ DTS-HD MA 5.1.xml,1701968288,1701968288
movies/M/Malum (2023) BEQ DTS-HD MA 5.1.xml,1701987899,1701987899
movies/H/Haunting of the Queen Mary (2023) BEQ DD+.xml,1701988293,1701988293
movies/D/Due Justice (2023) BEQ DD+.xml,1702052210,1702052210
movies/O/Oracle (2023) BEQ DD+.xml,1702052210,1702052210
movies/O/Outrage (2023) BEQ DD+.xml,1702054078,1702054078
movies/F/Fast Charlie (2023) BEQ DD+.xml,1702055087,1702055087
movies/S/The Sacrifice Game (2023) BEQ DD+.xml,1702055087,1702055087
movies/L/Leave the World Behind (2023) BEQ DD+ Atmos.xml,1702076483,1702076483
movies/C/The Creator (2023) BEQ all.xml,1702077487,1702077487
tv/L/Loki (2021) (Season 01) BEQ Atmos.xml,1702133131,1702133131
movies/B/BloodRayne (2005) BEQ DTS-HD MA 5.1.xml,1702177997,1702177997
movies/F/Five Nights at Freddy's (2023) BEQ Atmos.xml,1702245062,1702245062
movies/A/The Abyss (1989) BEQ DD+ Atmos.xml,1702353342,1702353342
movies/T/True Lies (1994) BEQ DD+ Atmos.xml,1702353342,1710515053
movies/T/TAYLOR SWIFT  THE ERAS TOUR (2023) (Extended) BEQ DD+ Atmos.xml,1702440946,1702440946
movies/P/The Portrait (2023) BEQ DD+.xml,1702509903,1702509903
movies/S/Showdown at the Grand (2023) BEQ DTS-HD MA 5.1.xml,1702517646,1702517646
movies/E/The Exorcist- Believer (2023) BEQ Atmos.xml,1702518603,1702518603
tv/M/The Mandalorian (2019) (Season 02) BEQ Atmos.xml,1702571606,1702571606
movies/C/A Creature was Stirring (2023) BEQ DD 5.1.xml,1702572756,1702572756
tv/R/Reacher (2022) (Season 02) BEQ DD+ Atmos.xml,1702602387,1702605133
tv/R/Reacher (2022) BEQ DD+.xml,1702605810,1702605810
movies/F/The Family Plan (2023) BEQ DD+.xml,1702612881,1702612881
movies/F/The Family Plan (2023) BEQ DD+ Atmos.xml,1702623577,1702623577
movies/F/Finestkind (2023) BEQ DD+ Atmos.xml,1702625066,1702625066
movies/U/The Unhealer (2020) BEQ DD+.xml,1702672066,1702672066
movies/C/Chicken Run- Dawn of the Nugget (2023) BEQ DD+ Atmos.xml,1702696550,1702696550
tv/M/The Mandalorian (2019) BEQ Atmoss2.xml,1702742008,1702742008
tv/R/Reacher (2022) (Season 2E1-3) BEQ DD+ Atmos.xml,1702793045,1702793045
tv/M/The Mandalorian (2019) (Season 01) BEQ Atmos.xml,1702794203,1702794203
tv/B/Beacon 23 (2023) (Season 1) BEQ DD+.xml,1702795489,1702795489
tv/P/Planet Earth III (2023) (Season 1) BEQ DD+.xml,1702934770,1702934770
tv/B/BLUE EYE SAMURAI (2023) (Season 1) BEQ DD+ Atmos.xml,1702941671,1702941671
movies/F/Off (1997) BEQ DTS-HD MA 5.1.xml,1702965736,1702965736
movies/S/Silent Night (2023) BEQ DD+.xml,1702966542,1702966542
movies/T/Thanksgiving (2023) BEQ DD+.xml,1703008647,1703008647
movies/H/The Hunger Games- The Ballad of Songbirds & Snakes (2023) BEQ DD+ Atmos.xml,1703009732,1703009732
tv/P/Percy Jackson and the Olympians (2023) (Season 1E1-2) BEQ DD+ Atmos.xml,1703043825,1703043825
movies/R/Rebel Moon - Part One- A Child of Fire (2023) BEQ DD+ Atmos.xml,1703218918,1723346628
movies/S/Saltburn (2023) BEQ DD+ Atmos.xml,1703218918,1703218918
movies/A/Angel Baby (2023) BEQ DD+.xml,1703271837,1703271837
movies/D/Dream Scenario (2023) BEQ DD+.xml,1703350116,1703350116
tv/W/What If (2021) (Season 02E01) BEQ DD+ Atmos.xml,1703354705,1703354705
tv/W/What If (2023) (Season 02E01-02) BEQ DD+ Atmos.xml,1703360066,1703360066
movies/B/Butcher's Crossing (2022) BEQ DD+.xml,1703387419,1703387419
movies/D/Dampyr (2022) BEQ DD+.xml,1703393985,1703393985
tv/O/Obliterated (2023) (Season 01) BEQ DD+ Atmos.xml,1703394984,1703394984
tv/W/What If (2021) (Season 02E01-03) BEQ DD+ Atmos.xml,1703442985,1703442985
movies/P/Pet Sematary- Bloodlines (2023) BEQ DD+ Atmos.xml,1703451042,1703451042
movies/I/It's a Wonderful Knife (2023) BEQ DD+.xml,1703466812,1703466812
movies/K/Knuckle Girl (2023) (Japanese) BEQ DD+.xml,1703466812,1703466812
movies/H/Highlander II- The Quickening (1991) BEQ DTS-HD MA 7.1.xml,1703507081,1703507081
tv/W/What If (2021) (Season 2E1-5) BEQ DD+ Atmos.xml,1703599784,1703599784
movies/M/Maggie Moore(s) (2023) BEQ DTS-HD MA 5.1.xml,1703609248,1703609248
movies/M/Medieval (2022) BEQ DTS-HD MA 5.1.xml,1703609248,1703609248
movies/A/Aliens (1986) (Special Edition) BEQ DD+ Atmos.xml,1703612223,1703612223
movies/S/Shrapnel (2023) BEQ DTS-HD MA 5.1.xml,1704008445,1704008445
tv/W/What If (2021) (Season 2) BEQ DD+ Atmos.xml,1704057381,1704057381
movies/H/Hunting Games (2023) BEQ DD+.xml,1704171947,1704171947
movies/B/Blood Diamond (2006) BEQ DTS-HD MA 5.1.xml,1704242877,1704242877
movies/C/The Crazies (2010) BEQ DTS-HD MA 5.1.xml,1704252053,1704252053
movies/E/Eileen (2023) BEQ DD+.xml,1704333615,1704333615
tv/B/The Brothers Sun (2024) (Season 1) BEQ DD+ Atmos.xml,1704420699,1704420699
movies/T/Trolls Band Together (2023) BEQ Atmos.xml,1704430582,1704430582
tv/G/Gyeongseong Creature (2023) (Season 1) BEQ DD+ Atmos.xml,1704476858,1704476858
tv/B/Bodies (2023) (Season 1) BEQ DD+ Atmos.xml,1704511901,1704511901
tv/F/Fool Me Once (2024) (Season 1) BEQ DD+ Atmos.xml,1704512796,1704512796
tv/Y/Yu Yu Hakusho (2023) (Season 1) BEQ DD+ Atmos.xml,1704513170,1704513170
movies/B/The Bricklayer (2023) BEQ DD+.xml,1704514018,1713665217
movies/A/Avatar (2009) (Extended Collector's Edition) BEQ DTS-HD MA 5.1.xml,1704573792,1704573792
movies/A/Avatar (2009) BEQ Atmos.xml,1704573792,1704573792
movies/A/Avatar- The Way of Water (2022) BEQ Atmos.xml,1704573792,1704573792
tv/P/Percy Jackson and the Olympians (2023) (Season 01E01-04) BEQ DD+ Atmos.xml,1704593242,1704593242
tv/Q/The Queen's Gambit (2020) (Season 1) BEQ DD+.xml,1704622890,1704622890
movies/P/Prey (2022) BEQ Atmos.xml,1704642349,1704642349
tv/S/Star Trek- Picard (2020) (Season 3) BEQ DTS-HD MA 5.1.xml,1704646409,1704670217
movies/W/Werewolves Within (2021) BEQ DD+.xml,1704731792,1704731792
movies/N/Napoleon (2023) BEQ DD+ Atmos.xml,1704733834,1704733834
movies/J/Justice League- Crisis on Infinite Earths Part One (2024) BEQ DD+.xml,1704761144,1704761144
movies/P/Predator (1987) (Theatrical  Ultimate Hunter Edition) BEQ DTS-HD MA 5.1.xml,1704833037,1704833037
movies/T/Tiger 3 (2023) BEQ DD+.xml,1704835938,1704835938
movies/W/The Wailing (2016) BEQ DTS-HD MA 5.1.xml,1704846457,1704846457
tv/L/La Brea (2021) (Season 1) BEQ DD+.xml,1704862368,1704862368
tv/L/La Brea (2021) (Season 2) BEQ DD+.xml,1704862368,1704862368
tv/E/Echo (2024) (Season 1) BEQ DD+ Atmos.xml,1704863930,1704863930
movies/N/NYAD (2023) BEQ DD+.xml,1704912676,1704912676
movies/S/Society of the Snow (2023) BEQ DD+ Atmos.xml,1704912676,1704912676
movies/M/Moneyball (2011) BEQ DTS-HD MA 5.1.xml,1704928321,1704928321
movies/R/Rise of the Footsoldier- Vengeance (2023) BEQ DTS-HD MA 5.1.xml,1705004490,1705004490
movies/D/Destroy All Neighbors (2024) BEQ DD+.xml,1705007172,1705007172
tv/B/Boy Swallows Universe (2024) (Season 1) BEQ DD+ Atmos.xml,1705007834,1705007834
movies/R/Role Play (2024) BEQ DD+.xml,1705023121,1705023121
tv/M/Monarch- Legacy of Monsters (2023) (Season 1) BEQ DD+ Atmos.xml,1705034411,1705034411
tv/F/For All Mankind (2019) (Season 4) BEQ DD+ Atmos.xml,1705036488,1705036488
movies/M/Megalodon- The Frenzy (2023) BEQ DD+.xml,1705047761,1705047761
movies/S/Self Reliance (2024) BEQ DD+.xml,1705092936,1705092936
movies/L/Lift (2024) BEQ DD+ Atmos.xml,1705094264,1705094264
movies/R/Role Play (2024) BEQ DD+ Atmos.xml,1705179936,1705179936
movies/O/One More Shot (2024) BEQ DD+.xml,1705204585,1705204585
tv/T/True Detective (2014) (Season 04E01) BEQ DD+ Atmos.xml,1705296048,1705296048
movies/M/The Marvels (2023) BEQ DD+ Atmos.xml,1705347667,1705347667
movies/W/Wanted Man (2024) BEQ DD+.xml,1705348685,1705348685
movies/O/Operation Napoleon (2023) BEQ DTS-HD MA 5.1.xml,1705353058,1705353058
movies/P/The Painter (2024) BEQ DD+.xml,1705364091,1705364091
movies/B/The Boys in the Boat (2023) BEQ DD+ Atmos.xml,1705413742,1705413742
movies/M/The Moon (2023) BEQ TrueHD 5.1.xml,1705454793,1705454793
tv/P/Percy Jackson and the Olympians (2023) (Season 01E01-06) BEQ DD+ Atmos.xml,1705531579,1705531579
tv/L/La Brea (2021) (Season 03E01-02) BEQ DD+.xml,1705578349,1705578349
movies/I/Invitation to a Murder (2023) BEQ DTS-HD MA 5.1.xml,1705609268,1705609268
movies/R/The Raid (2011) BEQ Atmos.xml,1705621258,1705621258
tv/R/Reacher (2022) (Season 2) BEQ DD+ Atmos.xml,1705628931,1705628931
movies/K/The Kitchen (2023) BEQ DD+ Atmos.xml,1705665186,1705665186
movies/W/Wonka (2023) BEQ DD+ Atmos.xml,1705720392,1705720392
movies/S/Sunrise (2024) BEQ DD+.xml,1705749008,1705749008
movies/K/The Killing Fields (1984) BEQ TrueHD 5.1.xml,1705840618,1705840618
tv/T/True Detective (2014) (Season 04E01-02) BEQ DD+ Atmos.xml,1705926495,1705926495
movies/W/Wish (2023) BEQ DD+ Atmos.xml,1706003076,1706003076
movies/M/Migration (2023) BEQ DD+ Atmos.xml,1706021245,1706021245
movies/F/Ferrari (2023) BEQ DD+ Atmos.xml,1706021631,1738707388
movies/N/Night Swim (2024) BEQ DD+ Atmos.xml,1706022273,1719092943
movies/A/Aquaman and the Lost Kingdom (2023) BEQ DD+ Atmos.xml,1706022731,1706022731
movies/G/Godless- The Eastfield Exorcism (2023) BEQ DTS-HD MA 5.1.xml,1706085269,1706085269
tv/P/Percy Jackson and the Olympians (2023) (Season 01E01-07) BEQ DD+ Atmos.xml,1706087324,1706087324
movies/D/Duplicity (2009) BEQ DTS-HD MA 5.1.xml,1706132662,1706132662
tv/G/Griselda (2024) (Season 1) BEQ DD+ Atmos.xml,1706194399,1706194399
movies/A/American Star (2024) BEQ DD+.xml,1706266336,1706266336
tv/M/Masters of the Air (2024) (Season 01E01-02) BEQ DD+ Atmos.xml,1706269938,1706269938
movies/U/The Underdoggs (2024) BEQ DD+.xml,1706303409,1706303409
movies/M/Man from Shaolin (2012) BEQ DD+.xml,1706351294,1706351294
movies/R/Restore Point (2023) BEQ DTS-HD MA 5.1.xml,1706365522,1706365522
movies/J/Justice League- Crisis on Infinite Earths Part One (2024) BEQ DTS-HD MA 5.1.xml,1706438119,1706438119
tv/T/True Detective (2014) (Season Night Country E01-03) BEQ DD+ Atmos.xml,1706538399,1706538399
movies/S/Spaceballs (1987) BEQ DTS-HD MA 5.1.xml,1706565188,1706565188
movies/A/Angel Has Fallen (2019) BEQ DTS-HD MA 5.1.xml,1706618187,1706618187
movies/T/Thanksgiving (2023) BEQ DTS-HD MA 5.1.xml,1706618187,1706618187
movies/B/The Beekeeper (2024) BEQ DD+ Atmos.xml,1706626296,1712876596
movies/S/Silent Night (2023) BEQ TrueHD 5.1.xml,1706648966,1706648966
movies/B/Blackhat (2015) (International Cut) BEQ DTS-HD MA 5.1.xml,1706695739,1706695739
tv/P/Percy Jackson and the Olympians (2023) (Season 01) BEQ DD+ Atmos.xml,1706698154,1706698154
movies/R/Retribution (2023) BEQ Atmos.xml,1706805215,1706805215
movies/F/Freelance (2023) BEQ DTS-HD MA 5.1.xml,1706813204,1706813204
movies/L/Lucy (2014) BEQ DTS-HD MA 5.1.xml,1706824401,1706824401
tv/M/Mr. & Mrs. Smith (2024) (Season 01) BEQ DD+.xml,1706869992,1706869992
movies/G/Gangs of New York (2002) BEQ DTS-HD MA 5.1.xml,1706871698,1706871698
movies/C/Conan the Destroyer (1984) BEQ Atmos.xml,1706908255,1706908255
movies/K/King Kong (2005) BEQ DD+.xml,1706970136,1706970136
"movies/A/As Above, So Below (2014) BEQ DTS-HD MA 7.1.xml",1707018106,1707018106
movies/T/Trunk- Locked In (2023) BEQ DD+ Atmos.xml,1707073701,1707073701
tv/O/The Orville (2017) (Season 01) BEQ DD+.xml,1707097657,1707097657
tv/O/The Orville (2017) (Season 02) BEQ DD+.xml,1707097657,1707097657
tv/O/The Orville (2017) (Season 03) BEQ DD+.xml,1707097657,1707097657
tv/T/True Detective (2014) (Season 04E01-04) BEQ DD+ Atmos.xml,1707138112,1707138112
movies/S/She Dies Tomorrow (2020) BEQ DTS-HD MA 5.1.xml,1707142425,1707142425
movies/M/The Moon (2023) BEQ Atmos.xml,1707177338,1707177338
tv/M/Masters of the Air (2024) (Season 01E01-03) BEQ DD+ Atmos.xml,1707183013,1707183013
movies/C/Cult Killer (2024) BEQ DD+.xml,1707224043,1707224043
movies/I/I.S.S. (2024) BEQ DD+.xml,1707224768,1707224768
movies/R/Ready Player One (2018) BEQ Atmos.xml,1707226693,1707226693
movies/E/The End We Start From (2023) BEQ DD+.xml,1707228985,1707228985
movies/A/American Fiction (2023) BEQ DD+.xml,1707259722,1707259722
movies/H/The Hill (2023) BEQ DD+.xml,1707259722,1707259722
movies/T/The Tiger's Apprentice (2024) BEQ DD+ Atmos.xml,1707268519,1707268519
movies/M/The Marvels (2023) BEQ Atmos.xml,1707331513,1707331513
movies/I/In the Fire (2023) BEQ DD+.xml,1707332922,1707332922
movies/I/In the Fire (2023) BEQ DTS-HD MA 5.1.xml,1707340822,1707340822
movies/G/Gods of the Deep (2024) BEQ DD+.xml,1707357435,1707357435
movies/A/Apple Music Live- SZA (2024) BEQ DD+ Atmos.xml,1707359881,1707359881
tv/H/Halo (2022) (Season 02E01-02) BEQ DD+ Atmos.xml,1707390561,1709831182
movies/S/Split (2017) BEQ DD+.xml,1707403670,1707403670
movies/S/The Shift (2023) BEQ DD+.xml,1707430360,1707430360
movies/S/The Silent Service (2024) BEQ DD+ Atmos.xml,1707432080,1707432080
movies/S/Split (2017) BEQ DTS-HD MA 5.1.xml,1707441456,1707441456
movies/U/Upgraded (2024) BEQ DD+ Atmos.xml,1707445463,1707445463
tv/M/Masters of the Air (2024) (Season 01E01-04) BEQ DD+ Atmos.xml,1707486609,1707486609
movies/G/Girl With a Gun (2023) BEQ DD+.xml,1707486957,1707486957
movies/S/Skeletons in the Closet (2024) BEQ DD+.xml,1707487347,1707487347
tv/W/Waco- The Aftermath (2023) (Season 01) BEQ DD+.xml,1707487861,1707487861
tv/T/True Detective (2014) (Season 04E01-05) BEQ DD+ Atmos.xml,1707538612,1707538612
movies/H/Hesher (2010) BEQ DTS-HD MA 7.1.xml,1707596871,1707596871
movies/C/Creation of the Gods I- Kingdom of Storms (2023) BEQ TrueHD 5.1.xml,1707662755,1707662755
movies/T/Tales of Babylon (2024) BEQ DD+.xml,1707665601,1707665601
tv/T/Tracker (2024) (Season 01E01) BEQ DD+.xml,1707772937,1707772937
movies/W/When the Screaming Starts (2021) BEQ DTS-HD MA 5.1.xml,1707793033,1707793033
movies/H/Hellhound (2024) BEQ DD+.xml,1707841367,1707841367
movies/I/The Iron Claw (2023) BEQ DD+ Atmos.xml,1707846731,1707846731
tv/N/The New Look (2024) (Season 01E01-04) BEQ DD+ Atmos.xml,1707885348,1710364940
movies/A/Air Force One Down (2024) BEQ DD+.xml,1707927013,1707927013
movies/F/Footloose (1984) BEQ DTS-HD MA 5.1.xml,1707953022,1707953022
movies/D/Darkman (1990) BEQ DTS-HD MA 5.1.xml,1708039091,1708039091
movies/H/The Hunger Games- The Ballad of Songbirds & Snakes (2023) BEQ Atmos.xml,1708064982,1708064982
tv/T/Tokyo Vice (2022) (Season 02E01-03) BEQ DD+ Atmos.xml,1708065336,1711648777
movies/H/The Hunt for Red October (1990) BEQ DD+.xml,1708101312,1708101312
movies/M/Miller's Girl (2024) BEQ DD+.xml,1708101312,1708101312
tv/M/Masters of the Air (2024) (Season 01E01-05) BEQ DD+ Atmos.xml,1708101312,1710514057
movies/L/Land of Bad (2024) BEQ DD+.xml,1708120245,1708120245
movies/L/Lights Out (2024) BEQ DD+.xml,1708186371,1708186371
movies/D/Dream Scenario (2023) BEQ Atmos.xml,1708194274,1708194274
movies/N/No Way Up (2024) BEQ DD+.xml,1708194702,1708194702
tv/S/Shining Vale (2022) (Season 01) BEQ DD+.xml,1708231380,1708231380
tv/S/Shining Vale (2022) (Season 02) BEQ DD+.xml,1708231380,1708231380
tv/H/House of Ninjas (2024) (Season 01E01-08) BEQ DD+ Atmos.xml,1708293035,1708293035
tv/T/True Detective (2014) BEQ DD+ Atmos.xml,1708346863,1708347539
movies/O/One Life (2023) BEQ DD+.xml,1708347379,1708347379
movies/I/In the Land of Saints and Sinners (2023) BEQ DTS-HD MA 5.1.xml,1708357936,1708357936
tv/C/Castle Rock (2018) (Season 01) BEQ DD+.xml,1708394854,1708394854
tv/C/Castle Rock (2018) (Season 02) BEQ DD+.xml,1708394854,1708394854
movies/M/Mean Girls (2024) BEQ DD+ Atmos.xml,1708445307,1708445307
movies/F/Freud's Last Session (2023) BEQ DD+.xml,1708445710,1708445710
movies/T/Thunderheart (1992) BEQ DD+.xml,1708446142,1708446142
tv/P/Planet Earth III (2023) (Season 01) BEQ Atmos.xml,1708451663,1708451663
tv/M/Monsieur Spade (2024) (Season 01) BEQ DD+.xml,1708454498,1708454498
movies/T/Ticket to Paradise (2022) BEQ Atmos.xml,1708457314,1708457314
movies/Z/The Zone of Interest (2023) BEQ DD+ Atmos.xml,1708460258,1735844021
movies/A/Anyone But You (2023) BEQ DD+.xml,1708464053,1708464053
tv/C/Constellation (2024) (Season 01E01-03) BEQ DD+ Atmos.xml,1708490801,1708490801
tv/B/Bosch (2015) (Season 01) BEQ DD+.xml,1708628130,1708628130
tv/B/Bosch (2015) (Season 02) BEQ DD+.xml,1708628130,1708628130
tv/B/Bosch (2015) (Season 03) BEQ DD+.xml,1708628130,1708628130
tv/B/Bosch (2015) (Season 04) BEQ DD+.xml,1708628130,1708628130
tv/B/Bosch (2015) (Season 05) BEQ DD+.xml,1708628130,1708628130
tv/B/Bosch (2015) (Season 06) BEQ DD+.xml,1708628130,1708628130
tv/B/Bosch (2015) (Season 07) BEQ DD+.xml,1708628130,1708628130
tv/S/School Spirits (2023) (Season 01) BEQ DD+.xml,1708628130,1708628130
tv/L/The Legend of Vox Machina (2022) (Season 01) BEQ DD+.xml,1708628643,1708628643
tv/L/The Legend of Vox Machina (2022) (Season 02) BEQ DD+.xml,1708628643,1708628643
tv/A/Avatar- The Last Airbender (2024) (Season 01) BEQ DD+.xml,1708629074,1708629074
tv/A/Avatar- The Last Airbender (2024) (Season 01) BEQ DD+ Atmos.xml,1708629854,1708629854
movies/A/Apple Music Live- Ed Sheeran (2023) BEQ DD+ Atmos.xml,1708643612,1708643612
movies/A/Apple Music Live- Jennifer Lopez (2024) BEQ DD+ Atmos.xml,1708643612,1708643612
movies/R/Red Right Hand (2024) BEQ DD+.xml,1708694141,1708694141
movies/E/Earworm (2024) BEQ DD+.xml,1708694447,1708694447
movies/H/History of Evil (2024) BEQ DD+.xml,1708694763,1708694763
"movies/L/Lovely, Dark, and Deep (2023) BEQ DD+.xml",1708707436,1708707436
tv/F/Formula 1- Drive to Survive (2019) (Season 06) BEQ DD+.xml,1708713858,1708713858
tv/E/Expats (2024) (Season 01) BEQ DD+.xml,1708725981,1708725981
movies/B/Butcher's Crossing (2023) BEQ DTS-HD MA 5.1.xml,1708831548,1708831548
tv/I/Invasion (2021) (Season 01) BEQ DD+.xml,1708876030,1708890449
tv/I/Invasion (2021) (Season 02) BEQ DD+.xml,1708876030,1708890449
movies/S/Stranger in the Woods (2024) BEQ DD+.xml,1708877989,1708877989
movies/A/Assassin's Creed (2016) BEQ Atmos.xml,1708891072,1708891072
movies/C/Cold Copy (2024) BEQ DD+.xml,1708982094,1708982094
movies/P/Poor Things (2023) BEQ DD+ Atmos.xml,1708990317,1708990317
tv/S/Star Wars- The Bad Batch (2021) (Season 01) BEQ DD+.xml,1709036955,1709036955
tv/S/Star Wars- The Bad Batch (2021) (Season 02) BEQ DD+.xml,1709036955,1709036955
tv/S/Shōgun (2024) (Season 01E01-02) BEQ DD+.xml,1709039153,1709039153
tv/S/Shogun (2024) (Season 01E01-02) BEQ DD+.xml,1709043845,1709043845
movies/L/Lisa Frankenstein (2024) BEQ DD+ Atmos.xml,1709097504,1720199298
movies/C/Code 8 Part II (2024) BEQ DD+.xml,1709125184,1709148163
movies/C/Code 8 (2019) BEQ DTS-HD MA 5.1.xml,1709126998,1709126998
movies/P/Parallel (2024) BEQ DD+.xml,1709226605,1709226605
movies/D/Dogman (2023) BEQ Atmos.xml,1709236230,1709236230
movies/S/Spaceman (2024) BEQ DD+ Atmos.xml,1709306812,1709306812
movies/N/Northern Comfort (2023) BEQ DD+.xml,1709309273,1709309273
movies/L/The Late Game (2024) BEQ DD+.xml,1709434351,1709434351
tv/C/The Completely Made-Up Adventures of Dick Turpin (2024) (Season 01E01) BEQ DD+ Atmos.xml,1709511661,1709511661
tv/C/The Completely Made-Up Adventures of Dick Turpin (2024) (Season 01E01-02) BEQ DD+ Atmos.xml,1709519526,1711680479
movies/P/Paranormal Activity- Next of Kin (2021) BEQ DTS-HD MA 5.1.xml,1709597977,1709597977
movies/S/Sound of Freedom (2023) BEQ DTS-HD MA 5.1.xml,1709597977,1709597977
tv/W/The Walking Dead- Daryl Dixon (2023) (Season 01) BEQ DTS-HD MA 5.1.xml,1709597977,1709597977
tv/S/Shōgun (2024) (Season 01E01-03) BEQ DD+ Atmos.xml,1709662356,1713278636
tv/D/Death and Other Details (2024) (Season 01) BEQ DD+.xml,1709663793,1709663793
movies/A/Argylle (2024) BEQ DD+ Atmos.xml,1709670566,1709670566
tv/C/Constellation (2024) (Season 01E01-05) BEQ DD+ Atmos.xml,1709731411,1710364940
tv/F/Furies (2024) (Season 01) BEQ DD+.xml,1709824361,1709824361
movies/B/Battle Over Britain (2024) BEQ DTS-HD MA 5.1.xml,1709825413,1709825413
movies/R/Ricky Stanicky (2024) BEQ DD+ Atmos.xml,1709827394,1709827394
movies/A/Aquaman and the Lost Kingdom (2023) BEQ Atmos.xml,1709851817,1709851817
movies/D/Damsel (2024) BEQ DD+.xml,1709897190,1720407011
movies/#/5lbs of Pressure (2024) BEQ DD+.xml,1709912754,1709912754
movies/B/Bottoms (2023) BEQ DD+.xml,1709917874,1709917874
tv/G/The Gentlemen (2024) (Season 01) BEQ DD+ Atmos.xml,1710106442,1710106442
movies/A/All the Beauty and the Bloodshed (2022) BEQ DTS-HD MA 5.1.xml,1710116729,1710116729
movies/F/Frogman (2023) BEQ DD+.xml,1710176037,1710176037
movies/W/Weak Layers (2024) BEQ DD+.xml,1710176037,1710176037
movies/D/Dark Windows (2023) BEQ DTS-HD MA 5.1.xml,1710248694,1710248694
movies/W/The Woods Are Real (2024) BEQ DD+.xml,1710262668,1710262668
movies/A/The Abyss (1989) (Special Edition) BEQ Atmos.xml,1710346708,1710946330
tv/E/Earthsounds (2024) (Season 01) BEQ DD+ Atmos.xml,1710378979,1710378979
movies/J/Jonah (2024) BEQ DD+.xml,1710416773,1710416773
movies/T/They Shot the Piano Player (2023) BEQ DD+.xml,1710416773,1710416773
movies/A/The Aviator (2004) BEQ DTS-HD MA 5.1.xml,1710470760,1710470760
"movies/M/McFarland, USA (2015) BEQ DTS-HD MA 5.1.xml",1710471271,1710471271
movies/B/The Bloody Hundredth (2024) BEQ DD+ Atmos.xml,1710471917,1710471917
tv/M/Manhunt (2024) (Season 01E01-02) BEQ DD+ Atmos.xml,1710474796,1713535125
movies/S/Stopmotion (2024) BEQ DD+.xml,1710515457,1710515457
movies/M/Madame Web (2024) BEQ DD+ Atmos.xml,1710516124,1714321918
movies/T/TAYLOR SWIFT THE ERAS TOUR (2023) (Taylors Version) BEQ DD+ Atmos.xml,1710518923,1710518923
tv/T/Turning Point- The Bomb and the Cold War (2024) (Season 01) BEQ DD+.xml,1710521006,1710521006
movies/A/Aliens (1986) (Special Edition) BEQ Atmos.xml,1710618774,1711989231
movies/A/Aliens (1986) (Theratrical Cut) BEQ Atmos.xml,1710618774,1710618774
movies/K/Kung Fu Panda (2008) BEQ Atmos.xml,1710638389,1710638389
movies/C/Children of the Corn (2020) BEQ DTS-HD MA 5.1.xml,1710809871,1710809871
movies/B/Bob Marley- One Love (2024) BEQ DD+ Atmos.xml,1710865092,1710865092
movies/H/H. P. Lovecraft's The Old Ones (2024) BEQ DD+.xml,1710946018,1710946018
tv/#/3 Body Problem (2024) (Season 01) BEQ DD+ Atmos.xml,1711042043,1711042043
movies/A/Automata (2014) BEQ DTS-HD MA 5.1.xml,1711055647,1711055647
movies/R/Red Dawn (2012) BEQ DTS-HD MA 5.1.xml,1711056611,1711056611
movies/R/Road House (2024) BEQ DD+.xml,1711057565,1711057565
tv/H/Halo (2022) (Season 02) BEQ DD+ Atmos.xml,1711060392,1721926283
movies/P/Passenger 57 (1992) BEQ DTS-HD MA 5.1.xml,1711060979,1711060979
movies/O/On Fire (2023) BEQ DD+.xml,1711118070,1711118070
movies/F/Fighter (2024) BEQ DD+.xml,1711139416,1711139416
movies/D/Dunki (2023) BEQ DD+.xml,1711145580,1711145580
movies/B/Barb Wire (1996) BEQ DTS-HD MA 5.1.xml,1711463729,1711463729
movies/S/Snow Valley (2024) BEQ DD+.xml,1711465385,1711465385
movies/O/Ordinary Angels (2024) BEQ DD+.xml,1711465835,1714687119
movies/I/Imaginary (2024) BEQ DD+ Atmos.xml,1711467019,1739202068
movies/P/Primal Fear (1996) BEQ TrueHD 5.1.xml,1711665685,1711665685
movies/C/Changing Lanes (2002) BEQ DTS-HD MA 5.1.xml,1711668996,1711668996
movies/T/To Die For (1995) BEQ DTS-HD MA 5.1.xml,1711675693,1711675693
tv/C/Constellation (2024) (Season 01) BEQ DD+ Atmos.xml,1711679679,1711679679
tv/R/Renegade Nell (2024) (Season 01) BEQ DD+ Atmos.xml,1711741038,1711741038
movies/H/Heart of the Hunter (2024) BEQ DD+ Atmos.xml,1711820724,1711820724
tv/E/The Expanse (2015) (Season 01) BEQ DTS-HD MA 5.1.xml,1711826743,1711826743
tv/E/The Expanse (2015) (Season 02) BEQ DTS-HD MA 5.1.xml,1711826743,1711826743
tv/E/The Expanse (2015) (Season 03) BEQ DTS-HD MA 5.1.xml,1711826743,1711826743
tv/E/The Expanse (2015) (Season 04) BEQ DD+.xml,1711830219,1711830219
movies/D/The Dirty South (2023) BEQ DD+.xml,1711840019,1711840019
tv/E/The Expanse (2015) (Season 05) BEQ DD+.xml,1711850504,1711850504
tv/E/The Expanse (2015) (Season 06) BEQ DD+.xml,1711850504,1711850504
movies/W/The Wages of Fear (2024) BEQ DD+ Atmos.xml,1711906011,1711906011
movies/A/The American Society of Magical Negroes (2024) BEQ DD+ Atmos.xml,1712077385,1712077385
movies/G/The Gates (2023) BEQ DD+.xml,1712083185,1712083185
movies/S/Snack Shack (2024) BEQ DD+.xml,1712083185,1712083185
tv/N/The New Look (2024) (Season 01) BEQ DD+ Atmos.xml,1712158922,1712158922
movies/S/Sentinel (2024) BEQ DD+.xml,1712253064,1712253064
tv/T/Tokyo Vice (2022) (Season 02) BEQ DD+ Atmos.xml,1712255165,1712255165
tv/R/RIPLEY (2024) (Season 01) BEQ DD+ Atmos.xml,1712259635,1712259635
tv/W/We Were the Lucky Ones (2024) (Season 01 E01-04) BEQ DD+.xml,1712261490,1712261490
movies/A/Anger Management (2003) BEQ DTS-HD MA 5.1.xml,1712278844,1712278844
movies/B/Baghead (2024) BEQ DD+.xml,1712325918,1712325918
movies/S/Shoot 'Em Up (2007) BEQ DTS-HD MA 7.1.xml,1712326695,1712326695
tv/S/Sugar (2024) (Season 01E01) BEQ DD+ Atmos.xml,1712332092,1712332092
movies/K/Knox Goes Away (2024) BEQ DD+.xml,1712333019,1712333019
tv/S/Sugar (2024) (Season 01E01-02) BEQ DD+ Atmos.xml,1712333963,1714703024
tv/P/Parasyte- The Grey (2024) (Season 01) BEQ DD+ Atmos.xml,1712418766,1712418766
movies/C/Captain Phillips (2013) BEQ DTS-HD MA 5.1.xml,1712601967,1712601967
movies/B/Black Widow (2021) BEQ Atmos.xml,1712618581,1712618581
movies/I/Iron Man (2008) BEQ Atmos.xml,1712618581,1712618581
movies/C/Conan the Barbarian (1982) (Extended) BEQ Atmos.xml,1712638298,1712638298
movies/H/House (1986) BEQ DTS-HD MA 5.1.xml,1712638298,1712638298
movies/K/Kung Fu Panda 4 (2024) BEQ DD+ Atmos.xml,1712638951,1712638951
tv/W/White Lies (2024) (Season 01) BEQ DD+.xml,1712682274,1712682274
movies/M/Major League (1989) BEQ DTS-HD MA 5.1.xml,1712762279,1712762279
movies/S/Sleeping Dogs (2024) BEQ DD+.xml,1712765051,1712765051
tv/C/The Continental- From the World of John Wick (2023) (Season 01) BEQ DD+ Atmos.xml,1712799229,1712799229
tv/F/Fallout (2024) (Season 01) BEQ DD+ Atmos.xml,1712803232,1712803232
movies/A/Any Given Sunday (1999) BEQ DTS-HD MA 5.1.xml,1712876596,1712876596
tv/F/Franklin (2024) (Season 01E01-03) BEQ DD+ Atmos.xml,1712889736,1714703024
tv/A/Anthracite (2024) (Season 01) BEQ DD+ Atmos.xml,1712893672,1712893672
movies/D/Damaged (2024) BEQ DD+.xml,1712946475,1712946475
movies/N/The Nun (2018) BEQ Atmos.xml,1712996731,1712996731
movies/S/Streets of Fire (1984) BEQ Atmos.xml,1713110424,1713110424
movies/D/Dune- Part Two (2024) BEQ DD+ Atmos.xml,1713158003,1721354925
tv/S/The Sympathizer (2024) (Season 01E01) BEQ DD+ Atmos.xml,1713160181,1713160181
movies/T/Tornado Alley (2011) BEQ DTS-HD MA 5.1.xml,1713304354,1713304354
movies/C/Concrete Utopia (2023) BEQ DD+ Atmos.xml,1713533943,1713533943
movies/R/Rebel Moon - Part Two- The Scargiver (2024) BEQ DD+ Atmos.xml,1713534900,1723346628
movies/L/Late Night with the Devil (2024) BEQ DD+.xml,1713537206,1713537206
movies/A/Asphalt City (2024) BEQ DD+.xml,1713538146,1713538146
movies/R/River Wild (2023) BEQ DTS-HD MA 5.1.xml,1713542897,1713542897
tv/B/Baby Reindeer (2024) (Season 01) BEQ DD+ Atmos.xml,1713555491,1713555491
tv/M/Manhunt (2024) (Season 01) BEQ DD+ Atmos.xml,1713558771,1713558771
tv/S/The Spiderwick Chronicles (2024) (Season 01) BEQ DD+.xml,1713664316,1713664316
movies/S/The Straight Story (1999) BEQ DTS-HD MA 5.1.xml,1713761598,1713761598
movies/T/The Three Musketeers- Milady (2023) BEQ Atmos.xml,1713824740,1713824740
movies/M/Monolith (2023) BEQ DTS-HD MA 5.1.xml,1713825409,1713825409
movies/B/The Batman (2022) BEQ Atmos.xml,1713836510,1713836510
movies/P/Prospect (2018) BEQ DTS-HD MA 5.1.xml,1713836510,1713836510
movies/M/Monkey Man (2024) BEQ DD+ Atmos.xml,1713904976,1719077909
movies/I/Immaculate (2024) BEQ DD+.xml,1713905359,1713905359
movies/D/The Departed (2006) BEQ DTS-HD MA 5.1.xml,1713920218,1713920218
tv/S/Shōgun (2024) (Season 01) BEQ DD+ Atmos.xml,1713923314,1714350325
movies/L/Love Lies Bleeding (2024) BEQ DD+.xml,1714070429,1719626479
movies/C/Cash Out (2024) BEQ DD+.xml,1714146937,1714146937
movies/H/Humane (2024) BEQ DD+.xml,1714146937,1714146937
movies/H/The Hummingbird Project (2018) BEQ DTS-HD MA 5.1.xml,1714146937,1714146937
movies/K/Kalashnikov AK-47 (2020) BEQ DTS-HD MA 5.1.xml,1714146937,1714146937
tv/D/Dead Boy Detectives (2024) (Season 01) BEQ DD+ Atmos.xml,1714160180,1714160180
movies/O/Ocean's Eleven (2001) BEQ DTS-HD MA 5.1.xml,1714183024,1714183024
movies/O/Ocean's Thirteen (2007) BEQ DTS-HD MA 5.1.xml,1714188331,1714188331
movies/O/Ocean's Twelve (2004) BEQ DTS-HD MA 5.1.xml,1714180339,1714180339
tv/K/Knuckles (2024) (Season 01) BEQ DD+.xml,1714184333,1714184333
movies/L/The Last Castle (2001) BEQ DTS-HD MA 5.1.xml,1714350041,1714350041
tv/G/Goodbye Earth (2024) (Season 01) BEQ DD+.xml,1714504959,1718131141
movies/A/Arcadian (2024) BEQ DD+.xml,1714568781,1714568781
tv/S/Star Wars- Andor (2022) (Season 01) BEQ Atmos.xml,1714592534,1715616512
movies/G/Godzilla Minus One (2023) BEQ Atmos.xml,1714615167,1717201673
movies/I/The Idea of You (2024) BEQ DD+.xml,1714662165,1714662165
tv/A/A Man in Full (2024) (Season 01) BEQ DD+.xml,1714668813,1714668813
tv/T/The Tattooist of Auschwitz (2024) (Season 01) BEQ DD+.xml,1714680510,1714680510
movies/C/The Channel (2023) BEQ DTS-HD MA 5.1.xml,1714703024,1714703024
tv/O/Obi-Wan Kenobi (2022) (Season 01) BEQ Atmos.xml,1714703024,1714703024
tv/S/Shardlake (2024) (Season 01) BEQ DD+ Atmos.xml,1714704621,1714704621
movies/U/Unfrosted (2024) BEQ DD+ Atmos.xml,1714747325,1714747325
movies/C/Chief of Station (2024) BEQ DD+.xml,1714747735,1714747735
movies/N/New Life (2024) BEQ DD+.xml,1714748051,1714748051
movies/S/Something in the Water (2024) BEQ DD+.xml,1714748966,1714748966
movies/B/The Black Hole (1979) BEQ DTS-HD MA 5.1.xml,1714764949,1714764949
tv/S/Star Wars- Tales of the Empire (2024) (Season 01) BEQ DD+.xml,1714772201,1714772201
tv/W/We Were the Lucky Ones (2024) (Season 01) BEQ DD+.xml,1714851235,1714851235
movies/M/Maestro (2023) BEQ DD+ Atmos.xml,1714867245,1714867245
movies/B/Breathe (2024) BEQ DD+.xml,1714951917,1714951917
movies/G/Ghostbusters- Frozen Empire (2024) BEQ DD+.xml,1715039047,1715039047
movies/A/Abigail (2024) BEQ DD+ Atmos.xml,1715091367,1744655975
movies/F/Founders Day (2024) BEQ DD+.xml,1715104844,1719827883
tv/D/Dark Matter (2024) (Season 01E01-02) BEQ DD+ Atmos.xml,1715137831,1716948570
tv/H/Hollywood Con Queen (2024) (Season 01) BEQ DD+ Atmos.xml,1715183040,1715183040
tv/P/Palm Royale (2024) (Season 01) BEQ DD+ Atmos.xml,1715183040,1715183040
movies/A/American Sniper (2014) BEQ Atmos.xml,1715264738,1715264738
movies/F/Foil (2023) BEQ DD+.xml,1715354099,1715354099
movies/L/Lazareth (2024) BEQ DD+.xml,1715354099,1715354099
movies/M/The Ministry of Ungentlemanly Warfare (2024) BEQ DD+ Atmos.xml,1715354099,1719165551
movies/C/Convoy (2023) BEQ DTS-HD MA 5.1.xml,1715475202,1715475202
tv/B/Bodkin (2024) (Season 01) BEQ DD+ Atmos.xml,1715486827,1715486827
tv/B/Blood of Zeus (2020) (Season 02) BEQ DD+ Atmos.xml,1715543297,1715543297
movies/G/Godzilla x Kong- The New Empire (2024) BEQ DD+.xml,1715566325,1715688572
movies/N/Narc (2002) BEQ Atmos.xml,1715584785,1715584785
tv/G/The Girls on the Bus (2024) (Season 01) BEQ DD+ Atmos.xml,1715631445,1715631445
tv/E/The Enfield Poltergeist (2023) (Season 01) BEQ DD+ Atmos.xml,1715657426,1715657426
movies/G/Godzilla x Kong- The New Empire (2024) BEQ DD+ Atmos.xml,1715659395,1715659395
movies/S/Sting (2024) BEQ DD+.xml,1715735958,1715735958
movies/L/The Last Kumite (2024) BEQ DTS-HD MA 5.1.xml,1715798815,1715798815
tv/A/A Gentleman in Moscow (2024) (Season 01) BEQ DD+.xml,1715881729,1715881729
tv/O/Outer Range (2022) (Season 02) BEQ DD+ Atmos.xml,1715886918,1715886918
movies/D/Darkness of Man (2024) BEQ DD+.xml,1715903927,1715903927
tv/S/Sugar (2024) (Season 01) BEQ DD+ Atmos.xml,1715914653,1715914653
tv/B/Bridgerton (2020) (Season 03E01-04) BEQ DD+ Atmos.xml,1715916246,1715916246
tv/F/Franklin (2024) (Season 01) BEQ DD+ Atmos.xml,1715917925,1715917925
movies/Y/You Can't Run Forever (2024) BEQ DD+.xml,1715957223,1715957223
movies/Q/Queen Rock Montreal (2024) BEQ DD+ Atmos.xml,1715967949,1715967949
movies/E/End of the Rope (2024) BEQ DD+.xml,1716011217,1716011217
movies/I/Inside (2023) BEQ DD+.xml,1716064720,1716064720
tv/M/Manhattan (2014) (Season 01) BEQ DD+.xml,1716082116,1716082116
tv/M/Manhattan (2014) (Season 02) BEQ DD+.xml,1716082116,1716082116
movies/S/Stop Making Sense (1984) BEQ Atmos.xml,1716222496,1716222496
tv/T/Tracker (2024) (Season 01) BEQ DD+.xml,1716222496,1716222496
movies/C/Chain Reaction (1996) BEQ DTS-HD MA 5.1.xml,1716229587,1716229587
movies/A/Arthur the King (2024) BEQ Atmos.xml,1716234202,1716234202
movies/B/Boy Kills World (2024) BEQ DD+.xml,1716307929,1716307929
movies/F/The Fall Guy (2024) BEQ DD+ Atmos.xml,1716307929,1716307929
movies/F/Frankenstein's Army (2013) BEQ DTS-HD MA 5.1.xml,1716310129,1716310129
movies/#/2-22 (2017) BEQ DD+.xml,1716403341,1716403341
movies/K/K-19- The Widowmaker (2002) BEQ DTS-HD MA 5.1.xml,1716427330,1716427330
movies/A/American Hustle (2013) BEQ Atmos.xml,1716474858,1716474858
movies/B/The Blue Angels (2024) BEQ DD+.xml,1716476065,1716476065
movies/T/Twister (1996) (Blu-Ray) BEQ Atmos.xml,1716481919,1716481919
movies/C/Civil War (2024) BEQ DD+ Atmos.xml,1716563366,1720106036
movies/A/Atlas (2024) BEQ DD+ Atmos.xml,1716566269,1716566269
tv/#/The 8 Show (2024) (Season 01) BEQ DD+ Atmos.xml,1716574049,1716574049
movies/C/Crimson Peak (2015) BEQ DTS-X.xml,1716670755,1716670755
movies/N/Noryang- Deadly Sea (2023) BEQ DD+.xml,1716673172,1717277626
movies/B/The Bank Job (2008) BEQ DTS-HD MA 7.1.xml,1716679997,1716679997
movies/G/Gaga Chromatica Ball (2024) BEQ DD+ Atmos.xml,1716765153,1716765153
movies/G/Greenland (2020) BEQ Atmos.xml,1716780420,1716780420
movies/G/Greenland (2020) BEQ DTS-HD MA 5.1.xml,1716780420,1716780420
tv/S/The Sympathizer (2024) (Season 01) BEQ DD+ Atmos.xml,1716780420,1716780420
tv/B/Beacon 23 (2023) (Season 02) BEQ DD+.xml,1716785350,1716785350
tv/S/Star Trek- Discovery (2017) (Season 01) BEQ DD+.xml,1716785350,1716785350
tv/S/Star Trek- Discovery (2017) (Season 02) BEQ DD+.xml,1716785350,1716785350
tv/S/Star Trek- Discovery (2017) (Season 03) BEQ DD+.xml,1716785350,1716785350
tv/S/Star Trek- Discovery (2017) (Season 04) BEQ DD+.xml,1716785350,1716785350
movies/B/Back to Black (2024) BEQ DD+.xml,1716827877,1721653110
movies/O/Orphan (2009) BEQ DD+.xml,1716828315,1716860849
movies/S/Salt (2010) BEQ Atmos.xml,1716841291,1716841291
tv/Y/The Veil (2024) (Season 01) BEQ DD+.xml,1716919985,1716919985
movies/O/One-Percenter (2023) BEQ DTS-HD MA 5.1.xml,1716936336,1716936336
movies/T/Tarot (2024) BEQ DD+.xml,1716936336,1716936336
tv/F/Florida Man (2023) (Season 01) BEQ DD+.xml,1717020963,1717020963
tv/U/Under the Bridge (2024) (Season 01) BEQ DD+.xml,1717020963,1717020963
tv/S/Star Trek- Discovery (2017) (Season 05) BEQ DD+.xml,1717100128,1736261761
movies/D/Die Hart 2- Die Harter (2024) BEQ DD+.xml,1717125193,1717125193
movies/D/Die Hart (2023) BEQ DD+.xml,1717127591,1717127591
movies/D/Dark City (1998) BEQ DTS-HD MA 7.1.xml,1717152261,1717152261
tv/B/The Big Cigar (2024) (Season 01E01-04) BEQ DD+ Atmos.xml,1717152261,1717152261
movies/R/Reunion (2024) BEQ DD+.xml,1717179040,1717179040
tv/E/Eric (2024) (Season 01) BEQ DD+ Atmos.xml,1717274127,1717274127
movies/A/Alienoid- Return to the Future (2024) BEQ DD+.xml,1717281339,1717281339
tv/T/Tom Clancy's Jack Ryan (2018) (Season 04) BEQ Atmos.xml,1717347072,1717347072
movies/F/The First Omen (2024) BEQ DD+ Atmos.xml,1717348557,1717348557
movies/D/The Disappointments Room (2016) BEQ DTS-HD MA 5.1.xml,1717522442,1717522442
movies/Z/Director's Cut) BEQ TrueHD 5.1.xml,1717553282,1717553282
tv/A/The Acolyte (2024) (Season 01E01-02) BEQ DD+ Atmos.xml,1717556368,1717556368
tv/D/Dark Matter (2024) (Season 01E01-06) BEQ DD+ Atmos.xml,1717608512,1717608512
movies/S/Species II (1998) BEQ DTS-HD MA 5.1.xml,1717608913,1717608913
movies/G/Godzilla x Kong- The New Empire (2024) BEQ Atmos.xml,1717625131,1717625131
movies/O/One Ranger (2023) BEQ DTS-HD MA 5.1.xml,1717679600,1717679600
movies/S/Shadow Land (2024) BEQ DD+.xml,1717682415,1717682415
movies/H/Hit Man (2023) BEQ DD+ Atmos.xml,1717790999,1717790999
movies/K/Kill Craft (2024) BEQ DD+.xml,1717790999,1717790999
movies/L/Life After Fighting (2024) BEQ DD+.xml,1717790999,1717790999
movies/S/The Strangers- Chapter 1 (2024) BEQ DD+ Atmos.xml,1717850817,1722376215
movies/F/For Love of the Game (1999) BEQ DTS-HD MA 5.1.xml,1718023151,1718023151
movies/G/Gone Baby Gone (2007) BEQ DTS-HD MA 5.1.xml,1718023151,1718023151
movies/U/Under Paris (2024) BEQ DD+.xml,1718051724,1718277481
tv/P/Presumed Innocent (2024) (Season 01E01-02) BEQ DD+ Atmos.xml,1718194283,1718194283
movies/W/Wild Eyed and Wicked (2024) BEQ DD+.xml,1718231027,1718231027
movies/U/Under Paris (2024) BEQ DD+ Atmos.xml,1718277481,1718277481
tv/B/The Boys (2019) (Season 04E01-03) BEQ DD+.xml,1718279555,1718279555
tv/H/Hitler and the Nazis- Evil on Trial (2024) (Season 1) BEQ DD+ Atmos.xml,1718314048,1718314048
movies/I/I Saw the TV Glow (2024) BEQ DD+.xml,1718363867,1718364002
movies/W/Winnie-the-Pooh- Blood and Honey 2 (2024) BEQ DD+.xml,1718389480,1722557510
tv/B/The Big Cigar (2024) (Season 1) BEQ DD+ Atmos.xml,1718476896,1718476896
movies/A/Alienoid- Return to the Future (2024) BEQ Atmos.xml,1718492021,1718492021
tv/C/Concordia (2024) (Season 1) BEQ DD+.xml,1718575261,1718575261
movies/B/Bound (1996) BEQ DTS-HD MA 5.1.xml,1718579596,1718579596
tv/H/House of the Dragon (2022) (Season 02E01) BEQ DD+ Atmos.xml,1718586991,1718586991
movies/N/Navy Seals (1990) BEQ DTS-HD MA 5.1.xml,1718655287,1718655287
tv/S/Sweet Tooth (2021) (Season 03) BEQ DD+.xml,1718663020,1718663020
movies/I/IF (2024) BEQ DD+.xml,1718723892,1718723892
movies/R/Road Wars- Max Fury (2024) BEQ DD+.xml,1718799728,1718799728
movies/A/Arrival (2016) BEQ DTS-HD MA 7.1.xml,1718834707,1718834707
tv/B/The Boys (2019) (Season 01E01-04) BEQ DD+.xml,1718909238,1720720655
tv/J/Joko Anwar's Nightmares and Daydreams (2024) (Season 01) BEQ DD+ Atmos.xml,1718922706,1718922706
movies/B/Baltimore (2024) BEQ DD+.xml,1718972452,1718972452
movies/G/The Girl in the Trunk (2024) BEQ DD+.xml,1718972452,1718972452
movies/T/Trigger Warning (2024) BEQ DD+.xml,1718972452,1719071423
movies/H/Hostel (2006) BEQ DTS-HD MA 5.1.xml,1718986668,1718986668
movies/H/Hostel- Part II (2007) BEQ DTS-HD MA 5.1.xml,1718986668,1718986668
movies/L/Léon- The Professional (1994) (International Cut) BEQ Atmos.xml,1719165551,1719165551
movies/O/October Sky (1999) BEQ DTS-HD MA 5.1.xml,1719165551,1719165551
tv/H/Hotel Cocaine (2024) (Season 01E01-02) BEQ DD+.xml,1719165551,1719165551
movies/H/Hostel- Part III (2011) BEQ DTS-HD MA 5.1.xml,1719173052,1719173052
movies/F/Furiosa- A Mad Max Saga (2024) BEQ DD+ Atmos.xml,1719188790,1734198444
tv/H/House of the Dragon (2024) (Season 01E01-02) BEQ DD+ Atmos.xml,1719238706,1719238706
movies/L/The Last Kingdom- Seven Kings Must Die (2023) BEQ DTS-HD MA 5.1.xml,1719322959,1719322959
movies/D/Dark Waters (2019) BEQ DTS-HD MA 5.1.xml,1719373433,1719373433
tv/D/Dark Matter (2024) (Season 01) BEQ DD+ Atmos.xml,1719373433,1719373433
movies/M/Mira (2022) BEQ DTS-HD MA 5.1.xml,1719391178,1719391178
tv/A/The Acolyte (2024) (Season 01E01-05) BEQ DD+ Atmos.xml,1719421001,1720575027
movies/C/Cry-Baby (1990) BEQ DTS-HD MA 5.1.xml,1719441008,1719441008
tv/B/The Bear (2022) (Season 01) BEQ DD+.xml,1719455190,1719455190
tv/B/The Bear (2022) (Season 02) BEQ DD+.xml,1719455190,1719455190
tv/B/The Bear (2022) (Season 03) BEQ DD+.xml,1719455190,1719455190
tv/S/Supacell (2024) (Season 01) BEQ DD+ Atmos.xml,1719487741,1719487741
movies/S/Shock (2023) BEQ DTS-HD MA 5.1.xml,1719499527,1719499527
movies/H/Hard Home (2024) BEQ DD+.xml,1719575714,1719575714
movies/I/In a Violent Nature (2024) BEQ DD+.xml,1719575714,1719575714
movies/W/The Watchers (2024) BEQ DD+ Atmos.xml,1719575714,1724122343
movies/N/Night Swim (2024) BEQ DTS-HD MA 5.1.xml,1719607162,1719607162
movies/L/Leviathan (1989) BEQ DTS-HD MA 5.1.xml,1719628023,1719628023
movies/M/Mulholland Drive (2001) BEQ DTS-HD MA 5.1.xml,1719684803,1719684803
movies/D/Dune (1984) (Extended Edition) BEQ DD 5.1.xml,1719770234,1719771636
movies/M/Murder at Yellowstone City (2022) BEQ DTS-HD MA 5.1.xml,1719781107,1719781107
tv/H/House of the Dragon (2022) (Season 02E01-03) BEQ DD+ Atmos.xml,1719799907,1722220052
tv/S/Star Trek- Prodigy (2021) (Season 01) BEQ DD+.xml,1719854769,1719859735
tv/S/Star Trek- Prodigy (2021) (Season 02) BEQ DD+.xml,1719858372,1719859735
movies/A/Amistad (1997) BEQ DTS-HD MA 5.1.xml,1719863857,1719863857
movies/C/Constantine (2005) BEQ DTS-HD MA 5.1.xml,1719927513,1719927513
movies/B/Boneyard (2024) BEQ DD+.xml,1719940627,1719940627
movies/B/Blown Away (1994) BEQ DTS-HD MA 5.1.xml,1719977047,1719977047
movies/B/Beverly Hills Cop- Axel F (2024) BEQ DD+ Atmos.xml,1720010927,1720010927
movies/R/The Remains of the Day (1993) BEQ Atmos.xml,1720013848,1720013848
movies/T/Twister (1996) (UHD) BEQ Atmos.xml,1720203372,1720203372
movies/S/Space Cadet (2024) BEQ DD+.xml,1720356409,1720356409
movies/K/Kingdom of the Planet of the Apes (2024) BEQ DD+ Atmos.xml,1720469044,1724204478
movies/B/The Bikeriders (2024) BEQ DD+.xml,1720502032,1723140240
movies/E/The Exorcism (2024) BEQ DD+.xml,1720539336,1720539336
movies/B/Breaking the Press (2012) BEQ Atmos.xml,1720562885,1720562885
movies/L/Latency (2024) BEQ DD+.xml,1720562885,1720562885
tv/M/Mayor of Kingstown (2021) (Season 03E01-06) BEQ DD+.xml,1720673646,1720673646
tv/H/His Dark Materials (2019) (Season 03) BEQ DTS-HD MA 5.1.xml,1720734430,1720734430
tv/H/His Dark Materials (2019) (Season 02) BEQ DTS-HD MA 5.1.xml,1720748003,1720748003
movies/S/Sausage Party- Foodtopia (2024) (Season 01) BEQ DD+.xml,1720768373,1720768373
tv/C/The Convert (2024) BEQ DD+.xml,1720795207,1720795207
movies/D/Descendants- The Rise of Red (2024) BEQ DD+.xml,1720795721,1720795721
tv/S/The Serpent Queen (2022) (Season 01) BEQ DD+.xml,1720797809,1720797809
movies/I/The Inheritance (2024) BEQ DD+.xml,1720842958,1720842958
tv/H/His Dark Materials (2019) (Season 01) BEQ DTS-HD MA 5.1.xml,1720883530,1720883530
tv/V/Vikings- Valhalla (2022) (Season 03) BEQ DD+ Atmos.xml,1720916505,1720916505
movies/F/The Fall Guy (2024) BEQ Atmos.xml,1720994037,1721792156
movies/B/Boy Kills World (2023) BEQ Atmos.xml,1720999358,1720999358
movies/R/Rango (2011) BEQ DTS-HD MA 5.1.xml,1721017889,1721017889
tv/H/Marvel's Hit-Monkey (2021) (Season 01) BEQ DD+.xml,1721068124,1721068124
tv/H/Marvel's Hit-Monkey (2021) (Season 02) BEQ DD+.xml,1721068124,1721068124
movies/D/The Dead Don't Hurt (2024) BEQ DD+ Atmos.xml,1721148585,1721148585
movies/H/Horizon- An American Saga - Chapter 1 (2024) BEQ DD+ Atmos.xml,1721148585,1740277742
movies/S/A Sacrifice (2024) BEQ DD+.xml,1721148585,1721148585
tv/M/Me (2024) (Season 01) BEQ DD+ Atmos.xml,1721165098,1721165098
tv/A/The Acolyte (2024) (Season 01) BEQ DD+ Atmos.xml,1721181107,1721181107
movies/W/Wild Wild Space (2024) BEQ DD+.xml,1721270946,1721270946
movies/G/GoodFellas (1990) BEQ DTS-HD MA 5.1.xml,1721315974,1721315974
tv/B/The Boys (2019) (Season 04) BEQ DD+.xml,1721315974,1721315974
tv/T/Those About to Die (2024) (Season 01) BEQ DD+.xml,1721328737,1721328737
movies/M/My Spy- The Eternal City (2024) BEQ DD+.xml,1721338077,1722473364
movies/Y/Young Woman and the Sea (2024) BEQ DD+ Atmos.xml,1721407834,1721407834
movies/J/Jaws (1975) BEQ Atmos.xml,1721418890,1721418890
movies/S/The Sixth Sense (1999) BEQ DTS-HD MA 5.1.xml,1721595162,1721595162
movies/R/Rocky Balboa (2006) BEQ DTS-HD MA 5.1.xml,1721653110,1721653110
movies/B/Bad Boys- Ride or Die (2024) BEQ DD+.xml,1721662723,1726076467
movies/S/Spider-Man 3 (2007) BEQ Atmos.xml,1721792156,1721792156
tv/P/Presumed Innocent (2024) (Season 01) BEQ DD+ Atmos.xml,1721792156,1721792156
tv/T/Time Bandits (2024) (Season 01E01-02) BEQ DD+ Atmos.xml,1721792156,1722392602
movies/K/Kill (2024) BEQ DD+ Atmos.xml,1721843421,1721843421
movies/R/Robin Hood- Men in Tights (1993) BEQ DTS-HD MA 5.1.xml,1721924260,1721924260
movies/M/The Man from U.N.C.L.E. (2015) BEQ Atmos.xml,1721966401,1721966401
movies/A/A Quiet Place- Day One (2024) BEQ DD+ Atmos.xml,1722044185,1728493309
movies/J/Justice League- Crisis on Infinite Earths Part Three (2024) BEQ DD+.xml,1722106151,1722106151
movies/A/The Abandon (2024) BEQ DD+.xml,1722435520,1722435520
movies/M/MaXXXine (2024) BEQ DD+ Atmos.xml,1722604888,1722604888
movies/R/Rocky V (1990) BEQ DTS-HD MA 5.1.xml,1722617315,1722617315
movies/R/Rocky (1976) BEQ DTS-HD MA 5.1.xml,1722626232,1722626232
movies/R/Rocky II (1979) BEQ DTS-HD MA 5.1.xml,1722626232,1722626232
movies/R/Rocky III (1982) BEQ DTS-HD MA 5.1.xml,1722626232,1722626232
movies/R/Rocky IV (1985) BEQ DTS-HD MA 5.1.xml,1722626232,1722626232
movies/D/The Darjeeling Limited (2007) BEQ DTS-HD MA 5.1.xml,1722629672,1722629672
tv/H/Hotel Cocaine (2024) (Season 01) BEQ DD+.xml,1722774128,1722774128
tv/I/Interview with the Vampire (2022) (Season 01) BEQ DD+.xml,1722781226,1722781226
tv/I/Interview with the Vampire (2022) (Season 02) BEQ DD+.xml,1722781226,1722781226
tv/H/House of the Dragon (2022) (Season 02) BEQ DD+ Atmos.xml,1722858510,1733070097
movies/C/Clash of the Titans (2010) BEQ DTS-HD MA 5.1.xml,1722923302,1722923302
movies/R/Robin Hood (2018) BEQ Atmos.xml,1722993481,1722993481
tv/U/The Umbrella Academy (2019) (Season 04) BEQ DD+.xml,1723138972,1723138972
movies/O/One Fast Move (2024) BEQ DD+.xml,1723147483,1723147483
movies/S/The Shakedown (2024) BEQ DD+.xml,1723147483,1723147483
movies/I/The Instigators (2024) BEQ DD+ Atmos.xml,1723168834,1723168834
movies/M/Mars Express (2023) BEQ DTS-HD MA 5.1.xml,1723217689,1723217689
movies/R/Rebel Moon - Part One- A Child of Fire (2023) BEQ DD+ Atmosdc.xml,1723346628,1723346628
movies/R/Rebel Moon - Part Two- The Scargiver (2024) BEQ DD+ Atmosdc.xml,1723346628,1723346628
movies/R/Rebel Moon - Part One- A Child of Fire (2023) (Director's Cut) BEQ DD+ Atmos.xml,1723348318,1723348318
movies/R/Rebel Moon - Part Two- The Scargiver (2024) (Director's Cut) BEQ DD+ Atmos.xml,1723348318,1723348318
movies/T/Twisters (2024) BEQ DD+ Atmos.xml,1723400113,1728666676
movies/D/Dandelion (2024) BEQ DD+.xml,1723484966,1723484966
movies/B/The Beast Within (2024) BEQ DD+.xml,1723551580,1723551580
movies/F/Fly Me to the Moon (2024) BEQ DD+ Atmos.xml,1723551580,1723551580
movies/W/We Are Zombies (2024) BEQ DD+.xml,1723551580,1723551580
tv/J/Marvel's Jessica Jones (2015) (Season 01) BEQ DD+.xml,1723647129,1723647129
tv/J/Marvel's Jessica Jones (2015) (Season 02) BEQ DD+ Atmos.xml,1723647129,1723647129
tv/J/Marvel's Jessica Jones (2015) (Season 03) BEQ DD+ Atmos.xml,1723647129,1723647129
tv/L/Marvel's Luke Cage (2016) (Season 01) BEQ DD+.xml,1723696664,1723696664
tv/L/Marvel's Luke Cage (2016) (Season 02) BEQ DD+ Atmos.xml,1723696664,1723696664
tv/C/Criminal Minds (2005) (Season 17) BEQ DD+ Atmos.xml,1723737196,1723737196
movies/J/Jackpot! (2024) BEQ DD+ Atmos.xml,1723743134,1723743134
tv/C/Cowboy Cartel (2024) (Season 01) BEQ DD+ Atmos.xml,1723743134,1723743134
movies/D/The Duel (2024) BEQ DD+.xml,1723784282,1723806125
movies/G/Gunner (2024) BEQ DD+.xml,1723806125,1723806125
movies/B/Blade of the 47 Ronin (2022) BEQ DTS-HD MA 5.1.xml,1723823188,1723823188
movies/U/The Union (2024) BEQ DD+ Atmos.xml,1723823838,1723823838
movies/M/Marmalade (2024) BEQ DD+.xml,1723865649,1723865649
movies/B/Black Mass (2015) BEQ DTS-HD MA 5.1.xml,1724081396,1724081396
movies/A/Art of Eight Limbs (2024) BEQ DD+.xml,1724139321,1724139321
movies/C/The Clean Up Crew (2024) BEQ DD+.xml,1724139321,1724139321
movies/O/Oddity (2024) BEQ DD+.xml,1724139321,1724139321
tv/T/Time Bandits (2024) (Season 01) BEQ DD+ Atmos.xml,1724258731,1724258731
tv/W/Wyatt Earp and the Cowboy War (2024) (Season 01) BEQ DD+.xml,1724259224,1724259224
tv/E/Evil (2019) (Season 04) BEQ DD+.xml,1724338323,1724338323
movies/L/The Last Breath (2024) BEQ DTS-HD MA 5.1.xml,1724345910,1724345910
movies/P/Popular Theory (2023) BEQ DTS-HD MA 5.1.xml,1724345910,1724345910
movies/S/Superhost (2021) BEQ DTS-HD MA 5.1.xml,1724345910,1724345910
movies/L/Longlegs (2024) BEQ DD+.xml,1724385369,1726856603
movies/P/Pirates of the Caribbean- On Stranger Tides (2011) BEQ DTS-HD MA 7.1.xml,1724434033,1724765314
movies/K/Kalki 2898-AD (2024) BEQ DD+.xml,1724440508,1724440508
movies/W/Watchmen- Chapter I (2024) BEQ DD+.xml,1724504526,1736627139
tv/L/Lady in the Lake (2024) (Season 01) BEQ DD+ Atmos.xml,1724517936,1724517936
movies/K/The Killer (2024) BEQ DD+.xml,1724611284,1724611284
movies/G/Greedy People (2024) BEQ DD+.xml,1724612201,1724612201
movies/P/Place of Bones (2024) BEQ DD+.xml,1724612201,1724612201
movies/R/Reminiscence (2021) BEQ Atmos.xml,1724645553,1724645553
movies/C/Creation of the Gods I- Kingdom of Storms (2023) BEQ DTS-HD MA 5.1.xml,1724765314,1724765314
movies/H/Harold and the Purple Crayon (2024) BEQ DD+.xml,1724769843,1724769843
movies/L/The Lockdown (2024) BEQ DD+.xml,1724772529,1724772529
tv/L/The Lord of the Rings- The Rings of Power (2022) (Season 01) BEQ DD+ Atmos.xml,1724944931,1724944931
tv/L/The Lord of the Rings- The Rings of Power (2022) (Season 02E01-03) BEQ DD+ Atmos.xml,1724944931,1725548961
tv/T/Terminator Zero (2024) (Season 01) BEQ DD+.xml,1724972837,1724972837
tv/K/KAOS (2024) (Season 01) BEQ DD+ Atmos.xml,1724985982,1724985982
movies/B/Borderlands (2024) BEQ DD+ Atmos.xml,1725026715,1729299391
movies/T/Trap (2024) BEQ DD+ Atmos.xml,1725027181,1725027181
movies/L/Lord of Misrule (2023) BEQ DTS-HD MA 5.1.xml,1725040844,1725040844
movies/L/The Longest Week (2014) BEQ DTS-HD MA 5.1.xml,1725040844,1725040844
movies/N/Nightwatch- Demons Are Forever (2023) BEQ Atmos.xml,1725040844,1725040844
movies/O/On the Rocks (2020) BEQ DD+ Atmos.xml,1725040844,1725040844
movies/S/The Skeptic (2009) BEQ DD+.xml,1725040844,1725040844
movies/Y/You'll Never Find Me (2023) BEQ DTS-HD MA 5.1.xml,1725040844,1725040844
movies/O/Out Come the Wolves (2024) BEQ DD+.xml,1725120264,1725120264
movies/F/First Shift (2024) BEQ DD+.xml,1725133334,1725133334
movies/G/Ganymede (2024) BEQ DD+.xml,1725133334,1725133334
movies/S/Succubus (2024) BEQ DTS-HD MA 5.1.xml,1725134855,1725134855
movies/L/Lady Scorpions (2024) BEQ DD+.xml,1725373370,1725373370
movies/S/Skincare (2024) BEQ DD+.xml,1725373370,1725660610
movies/D/The Deliverance (2024) BEQ DD+ Atmos.xml,1725390682,1725390682
tv/S/Sunny (2024) (Season 01) BEQ DD+ Atmos.xml,1725420535,1725420535
movies/R/Rebel Ridge (2024) BEQ DD+ Atmos.xml,1725637982,1725637982
movies/E/Escape (2024) BEQ DD+.xml,1725906678,1725906678
movies/C/The Chronicles of Riddick (2004) BEQ DTS-HD MA 5.1.xml,1726007568,1726007568
movies/C/The Chronicles of Riddick (2004) (Theatrical) BEQ Atmos.xml,1726014934,1726014934
movies/U/Uglies (2024) BEQ DD+ Atmos.xml,1726238359,1726238359
movies/C/The Crow (2024) BEQ DD+ Atmos.xml,1726242572,1726242572
movies/S/Subservience (2024) BEQ DD+.xml,1726242572,1734530462
movies/R/Run Lola Run (1998) BEQ DTS-HD MA 5.1.xml,1726341754,1726341754
movies/A/Afraid (2024) BEQ DD+ Atmos.xml,1726573433,1726573433
movies/B/Blink Twice (2024) BEQ DD+ Atmos.xml,1726573433,1726573433
movies/S/Slingshot (2024) BEQ DD+.xml,1726607859,1726607859
tv/A/Agatha All Along (2024) (Season 01E01-02) BEQ DD+ Atmos.xml,1726720870,1726720870
tv/P/The Penguin (2024) (Season 01E01) BEQ DD+ Atmos.xml,1726810767,1726810767
movies/A/All Fun and Games (2023) BEQ DD+.xml,1726856603,1726856603
movies/C/Cuckoo (2024) BEQ DD+.xml,1726858903,1726858903
movies/H/Here After (2024) BEQ DD+.xml,1726859579,1726859579
tv/F/Fortitude (2015) (Season 01) BEQ DD+.xml,1726866275,1726866275
tv/F/Fortitude (2015) (Season 02) BEQ DD+.xml,1726866275,1726866275
tv/F/Fortitude (2015) (Season 03) BEQ DD+.xml,1726866275,1726866275
tv/T/Twilight of the Gods (2024) (Season 01) BEQ DD+ Atmos.xml,1726931986,1726931986
movies/W/Wolfs (2024) BEQ DD+ Atmos.xml,1727449153,1727449153
movies/A/Apartment 7A (2024) BEQ DD+ Atmos.xml,1727473062,1727473062
movies/M/Million Dollar Baby (2004) BEQ DTS-HD MA 5.1.xml,1727645463,1727645463
movies/D/Deadpool & Wolverine (2024) BEQ DD+ Atmos.xml,1727713365,1729299391
tv/G/Gyeongseong Creature (2023) (Season 02) BEQ DD+ Atmos.xml,1727713365,1727713365
movies/M/The Mouse Trap (2024) BEQ DD+.xml,1727794339,1727794339
movies/S/Speak No Evil (2024) BEQ DD+ Atmos.xml,1727794339,1727794339
movies/H/The Hitcher (1986) BEQ Atmos.xml,1727820118,1727820118
movies/A/A Quiet Place- Day One (2024) BEQ Atmos.xml,1727827998,1727827998
movies/L/Latency (2024) BEQ DTS-HD MA 5.1.xml,1727883194,1727883194
movies/N/A Nightmare on Elm Street (1984) BEQ DD+ Atmos.xml,1727924525,1727924525
movies/S/Salem's Lot (2024) BEQ DD+ Atmos.xml,1727970652,1727970652
tv/L/The Lord of the Rings- The Rings of Power (2022) (Season 02) BEQ DD+ Atmos.xml,1727974971,1727986112
movies/H/Hold Your Breath (2024) BEQ DD+.xml,1728007843,1728007843
movies/H/House of Spoils (2024) BEQ DD+.xml,1728007843,1728007843
movies/C/The Curse of the Necklace (2024) BEQ DD+.xml,1728057221,1728057221
movies/K/The Killer's Game (2024) BEQ DD+ Atmos.xml,1728057221,1731779410
movies/O/Officer Black Belt (2024) BEQ DD+ Atmos.xml,1728057221,1728057221
movies/S/Strange Darling (2024) BEQ DD+.xml,1728057221,1728057221
movies/P/The Platform 2 (2024) BEQ DD+ Atmos.xml,1728143156,1728143156
tv/F/The Franchise (2024) BEQ DD+.xml,1728353118,1728353118
movies/B/Beetlejuice Beetlejuice (2024) BEQ DD+ Atmos.xml,1728366960,1728366960
movies/H/Hellboy- The Crooked Man (2024) BEQ DD+.xml,1728367508,1741455210
tv/B/Bad Monkey (2024) (Season 01) BEQ DD+ Atmos.xml,1728442108,1728442108
movies/K/Kill (2024) BEQ Atmos.xml,1728586747,1728586747
movies/T/Two Witches (2023) BEQ DTS-HD MA 5.1.xml,1728592675,1728592675
tv/S/Slow Horses (2022) (Season 01) BEQ DD+ Atmos.xml,1728665934,1728665934
tv/S/Slow Horses (2022) (Season 02) BEQ DD+ Atmos.xml,1728665934,1728665934
tv/S/Slow Horses (2022) (Season 03) BEQ DD+ Atmos.xml,1728665934,1728665934
tv/S/Slow Horses (2022) (Season 04) BEQ DD+ Atmos.xml,1728665934,1728665934
tv/F/Fight Night- The Million Dollar Heist (2024) (Season 01) BEQ DD+ Atmos.xml,1728669258,1728669258
movies/U/Uprising (2024) BEQ DD+ Atmos.xml,1728691043,1728691043
movies/E/Exhuma (2024) BEQ Atmos.xml,1728925615,1728925615
movies/A/Alien- Romulus (2024) BEQ DD+ Atmos.xml,1728931023,1728931023
tv/N/Nautilus (2024) (Season 01) BEQ DD+.xml,1729023460,1729023460
movies/I/It's What's Inside (2024) BEQ DD+.xml,1729095944,1729095944
tv/T/Tell Me Lies (2022) (Season 02) BEQ DD+.xml,1729095944,1729095944
movies/S/The Shadow Strays (2024) BEQ DD+ Atmos.xml,1729217390,1729217390
movies/V/Beyond (2024) BEQ DD+.xml,1729217390,1729217390
movies/L/Lee (2024) BEQ DD+.xml,1729227291,1729227291
movies/I/Inside Out 2 (2024) BEQ Atmos.xml,1729290328,1729290328
tv/H/Hysteria! (2024) (Season 01) BEQ DD+.xml,1729471748,1729471748
movies/E/The Empire Strikes Back (1980) (4K80) BEQ DTS-HD MA 5.1.xml,1729577687,1729577687
movies/T/Transformers One (2024) BEQ DD+ Atmos.xml,1729578283,1733356813
movies/S/The Empire Strikes Back (1980) (Project 4K80) BEQ DTS-HD MA 5.1.xml,1729610211,1729610211
movies/T/Terrifier 3 (2024) BEQ DD 5.1.xml,1729733798,1729734790
movies/S/Signs (2002) BEQ DTS-HD MA 5.1.xml,1729746562,1729746562
movies/C/Canary Black (2024) BEQ DD+.xml,1729795171,1729795171
movies/C/Carved (2024) BEQ DD 5.1.xml,1729795171,1729806811
movies/S/The Soul Eater (2024) BEQ DTS-HD MA 5.1.xml,1729795171,1729795171
movies/C/Classified (2024) BEQ DD 5.1.xml,1729829960,1729829960
tv/G/Gundam- Requiem for Vengeance (2024) BEQ DD+.xml,1729872426,1729872426
movies/D/Don't Move (2024) BEQ DD+ Atmos.xml,1729875975,1729875975
movies/R/RRR (2022) BEQ Atmos.xml,1730156543,1730156543
movies/J/Joker- Folie à Deux (2024) BEQ DD+.xml,1730184282,1730241479
movies/S/Stockholm Bloodbath (2023) BEQ DTS-HD MA 5.1.xml,1730185042,1730185042
movies/F/Frankie Freako (2024) BEQ DD+.xml,1730251703,1730251703
tv/I/The Irrational (2023) (Season 01) BEQ DD+.xml,1730251703,1730251703
tv/O/Only Murders in the Building (2021) (Season 04) BEQ DD+.xml,1730251703,1730251703
tv/R/The Responder (2022) (Season 01) BEQ DD+.xml,1730324835,1730324835
tv/R/The Responder (2022) (Season 02) BEQ DD+.xml,1730324835,1730324835
tv/A/Agatha All Along (2024) (Season 01) BEQ DD+ Atmos.xml,1730401065,1730401065
movies/C/The Crow (2024) BEQ Atmos.xml,1730407247,1730407247
movies/B/Born on the Fourth of July (1989) BEQ Atmos.xml,1730437270,1730437270
movies/A/The Apprentice (2024) BEQ DD+.xml,1730493392,1730493392
tv/H/Hellbound (2021) (Season 02) BEQ DD+ Atmos.xml,1730497326,1730497326
tv/G/Grotesquerie (2024) (Season 01) BEQ DD+.xml,1730913009,1730913009
tv/T/Teacup (2024) (Season 01) BEQ DD+.xml,1730913009,1730913009
movies/T/The Terminator (1984) BEQ Atmos.xml,1730936855,1730936855
movies/#/The 4-30 Movie (2024) BEQ Atmos.xml,1731028424,1731028424
movies/B/Beyond (2024) BEQ DD+.xml,1731030844,1731030844
movies/V/Village of the Damned (2024) BEQ DTS-HD MA 5.1.xml,1731030844,1731030844
movies/A/Apocalypse Z- The Beginning of the End (2024) BEQ DD+ Atmos.xml,1731094825,1731094825
movies/L/Land of the Dead (2005) (Unrated) BEQ Atmos.xml,1731158818,1731158818
tv/P/The Penguin (2024) (Season 01) BEQ DD+ Atmos.xml,1731346705,1731346705
movies/B/Blazing Saddles (1974) BEQ Atmos.xml,1731364651,1731364651
movies/M/Megalopolis (2024) BEQ DD+.xml,1731364651,1739677734
movies/B/The Boy and the Heron (2022) BEQ Atmos.xml,1731385497,1731385497
movies/G/Goodrich (2024) BEQ DD+.xml,1731435844,1731435844
movies/R/Rush (2013) BEQ Atmos.xml,1731446391,1731446391
movies/D/Dragon- The Bruce Lee Story (1993) BEQ DTS-HD MA 5.1.xml,1731603452,1731603452
movies/A/Air America (1990) BEQ DTS-HD MA 7.1.xml,1731691955,1731691955
movies/B/Beetlejuice Beetlejuice (2024) BEQ Atmos.xml,1731691955,1731691955
movies/B/Bagman (2024) BEQ DD+ Atmos.xml,1731710576,1731710576
tv/D/Dune- Prophecy (2024) (Season 01E01) BEQ DD+ Atmos.xml,1731897028,1731897028
movies/A/Absolution (2024) BEQ DD+.xml,1732068793,1732068793
movies/S/Smile 2 (2024) BEQ DD+ Atmos.xml,1732068793,1737497621
movies/T/Twilight of the Warriors- Walled In (2024) BEQ Atmos.xml,1732068793,1732068793
tv/D/Disclaimer (2024) (Season 01) BEQ DD+ Atmos.xml,1732247873,1732247873
tv/P/Paris Has Fallen (2024) (Season 01) BEQ DD+ Atmos.xml,1732287030,1732287030
tv/F/FROM (2022) (Season 03) BEQ DD+.xml,1732502350,1732502350
movies/R/Rules of Engagement (2000) BEQ DTS-HD MA 5.1.xml,1732507230,1732507230
movies/A/Alien- Romulus (2024) BEQ Atmos.xml,1732634985,1732634985
movies/#/12.12- The Day (2023) BEQ TrueHD 5.1.xml,1732909921,1732909921
movies/E/Elevation (2024) BEQ DD+.xml,1733070097,1733070097
movies/O/Oddity (2024) BEQ DTS-HD MA 5.1.xml,1733070097,1733070097
movies/R/Run (2020) BEQ DTS-HD MA 5.1.xml,1733070097,1733070097
tv/B/Based on a True Story (2023) (Season 01) BEQ DD+.xml,1733070097,1733070097
tv/B/Based on a True Story (2023) (Season 02) BEQ DD+.xml,1733070097,1733070097
movies/J/Juror #2 (2024) BEQ DD+.xml,1733111332,1733111332
movies/N/Never Let Go (2024) BEQ DD+ Atmos.xml,1733111332,1733111332
movies/G/Galaxy Quest (1999) BEQ Atmos.xml,1733114212,1733114212
movies/#/8-Bit Christmas (2021) BEQ DD+ Atmos.xml,1733115569,1733115569
tv/A/Ahsoka (2023) (Season 01) BEQ Atmos.xml,1733165344,1733165344
movies/G/Ghosts of Red Ridge (2024) BEQ DD+.xml,1733249799,1733249799
tv/M/The Mandalorian (2019) (Season 03) BEQ Atmos.xml,1733283566,1733283566
movies/R/Riddick (2013) (Director's Cut) BEQ DTS-HD MA 5.1.xml,1733599918,1733599918
tv/A/American Horror Story (2011) (Season 05) BEQ DD 5.1.xml,1733622841,1733622841
tv/L/Lioness (2023) (Season 02) BEQ DD+.xml,1733691384,1733691384
tv/B/Black Doves (2024) (Season 01) BEQ DD+ Atmos.xml,1733708741,1733708741
movies/D/Demolition Man (1993) BEQ Atmos.xml,1733714074,1733714074
movies/V/Venom- The Last Dance (2024) BEQ DD+ Atmos.xml,1733760829,1736183701
movies/R/Riddick (2013) (Theatrical) BEQ DTS-HD MA 5.1.xml,1733762998,1733762998
tv/S/SEAL Team (2017) (Season 07) BEQ DD 5.1.xml,1733782334,1733782334
movies/N/No Country for Old Men (2007) BEQ DTS-HD MA 5.1.xml,1733884448,1733884448
movies/C/The Convert (2024) BEQ Atmos.xml,1733977990,1733977990
movies/J/Joker- Folie à Deux (2024) BEQ Atmos.xml,1733977990,1733977990
movies/H/Heretic (2024) BEQ DD+ Atmos.xml,1734019896,1738270023
tv/R/Red One (2024) BEQ DD+ Atmos.xml,1734060138,1734060138
tv/R/Rivals (2024) (Season 01) BEQ DD+ Atmos.xml,1734060138,1734060138
movies/F/Far and Away (1992) BEQ Atmos.xml,1734127222,1734127222
movies/L/Legends of the Fall (1994) BEQ Atmos.xml,1734127222,1734127222
movies/J/The Jack in the Box Rises (2024) BEQ DTS-HD MA 5.1.xml,1734187563,1734187563
movies/S/The Substance (2024) BEQ DD+.xml,1734198444,1737057777
movies/S/The Substance (2024) BEQ DTS-HD MA 5.1.xml,1734198444,1734198444
tv/D/The Day of the Jackal (2024) (Season 01) BEQ DD+ Atmos.xml,1734478319,1734478319
movies/T/Terrifier 3 (2024) BEQ DTS-HD MA 5.1.xml,1734530462,1734530462
movies/C/Carry-On (2024) BEQ DD+ Atmos.xml,1734544171,1734544171
tv/A/Arcane (2021) (Season 02) BEQ DD+ Atmos.xml,1734571586,1734571586
tv/S/Secret Level (2024) (Season 01) BEQ DD+ Atmos.xml,1734570169,1734570169
movies/K/Kickboxer (1989) BEQ TrueHD 5.1.xml,1734573027,1734573027
movies/S/The Six Triple Eight (2024) BEQ DD+ Atmos.xml,1734713120,1734713120
movies/G/Gladiator II (2024) BEQ DD+ Atmos.xml,1734742341,1734742341
movies/S/Salaar- Part 1 - Ceasefire (2024) BEQ DD+.xml,1734896503,1734896503
tv/D/Dune- Prophecy (2024) (Season 02) BEQ DD+ Atmos.xml,1734925972,1747885953
movies/S/Sniper- The White Raven (2022) BEQ DTS-HD MA 5.1.xml,1734969432,1734969432
movies/S/Sonic the Hedgehog (2020) BEQ Atmos.xml,1735000709,1735000709
movies/S/Sisu (2022) BEQ Atmos.xml,1735009268,1735009268
movies/B/Below (2002) BEQ DTS-HD MA 5.1.xml,1735140767,1735140767
tv/S/Squid Game (2021) (Season 02) BEQ DD+ Atmos.xml,1735226241,1735226241
movies/H/Hotel Mumbai (2018) BEQ DTS-HD MA 5.1.xml,1735257763,1735257763
movies/S/Snake Eyes (1998) BEQ DTS-HD MA 5.1.xml,1735267694,1735267694
tv/E/The Endgame (2022) (Season 01) BEQ DD+.xml,1735303067,1735303067
movies/L/The Lord of the Rings- The War of the Rohirrim (2024) BEQ DD+ Atmos.xml,1735305371,1735305371
tv/W/What If (2021) (Season 03) BEQ DD+ Atmos.xml,1735503796,1735503796
movies/B/Black Mirror- Bandersnatch (2018) BEQ DD+.xml,1735657688,1735657688
movies/G/Gravity (2013) BEQ Atmos.xml,1735799499,1735799499
tv/R/The Rig (2023) (Season 02) BEQ DD+.xml,1735912672,1735912672
movies/W/Wicked (2024) BEQ DD+ Atmos.xml,1735957871,1738254952
movies/L/The Last Voyage of the Demeter (2023) BEQ Atmos.xml,1736378399,1736378399
movies/I/I Am Legend (2007) BEQ DTS-HD MA 5.1.xml,1736393906,1736393906
movies/S/Saving Private Ryan (1998) BEQ Atmos.xml,1736425281,1736425281
movies/C/The Cell (2000) (Director's Cut) BEQ DTS-HD MA 5.1.xml,1736474693,1736474693
movies/C/The Cell (2000) (Theatrical) BEQ DTS-HD MA 5.1.xml,1736474693,1736474693
movies/A/Akira (1988) BEQ Atmos.xml,1736616531,1736616531
movies/W/Watchmen- Chapter II (2024) BEQ DTS-HD MA 5.1.xml,1736627139,1736627139
tv/G/Goosebumps (2023) (Season 01) BEQ DD+ Atmos.xml,1736640851,1736640851
tv/G/Goosebumps (2023) (Season 02) BEQ DD+ Atmos.xml,1736640851,1736640851
tv/L/Landman (2024) (Season 01) BEQ DD+.xml,1736692855,1736692855
movies/C/Congo (1995) BEQ DTS-HD MA 5.1.xml,1736720417,1736720417
movies/R/Risky Business (1983) BEQ DTS-HD MA 5.1.xml,1736785946,1736785946
movies/K/Kraven the Hunter (2024) BEQ DD+ Atmos.xml,1736879947,1740619319
movies/P/Project Silence (2024) BEQ Atmos.xml,1736879947,1736879947
movies/T/Terrifier (2016) BEQ DTS-HD MA 5.1.xml,1736879947,1736879947
movies/T/Terrifier 3 (2024) BEQ Atmos.xml,1736879947,1736879947
tv/A/American Primeval (2025) (Season 01) BEQ DD+ Atmos.xml,1736879947,1736879947
movies/H/Hunter x Hunter- Phantom Rouge (2013) BEQ DD+.xml,1736891585,1736891585
movies/H/Hunter x Hunter- The Last Mission (2013) BEQ DD+.xml,1736891585,1736891585
movies/V/Vampires (1998) BEQ DTS-HD MA 5.1.xml,1736967065,1736967065
tv/L/The Lazarus Project (2022) (Season 01) BEQ DD+.xml,1737000616,1737000616
tv/S/Star Wars- Skeleton Crew (2024) (Season 01) BEQ DD+ Atmos.xml,1737055294,1737055294
movies/K/Kill Bill- Vol. 1 (2003) BEQ DTS-HD MA 5.1.xml,1737060008,1737060008
tv/D/Marvel's Daredevil (2015) (Season 01) BEQ DD+.xml,1737095664,1737095664
tv/D/Marvel's Daredevil (2015) (Season 02) BEQ DD+.xml,1737095664,1737095664
tv/D/Marvel's Daredevil (2015) (Season 03) BEQ DD+ Atmos.xml,1737095664,1737095664
movies/A/Alarum (2025) BEQ DD+.xml,1737129062,1737129062
tv/S/Silo (2023) (Season 01) BEQ DD+ Atmos.xml,1737136242,1737136242
tv/S/Silo (2023) (Season 02) BEQ DD+ Atmos.xml,1737136242,1737136242
movies/K/Kill Bill- Vol. 2 (2004) BEQ DTS-HD MA 5.1.xml,1737142528,1737142528
movies/J/Jackie Brown (1997) BEQ DTS-HD MA 5.1.xml,1737155345,1737155345
movies/F/Fly (2024) BEQ DD+.xml,1737161430,1737161430
movies/B/Back in Action (2025) BEQ DD+ Atmos.xml,1737163239,1737163239
movies/G/The Girl Who Got Away (2021) BEQ DD+ Atmos.xml,1737163239,1737163239
movies/H/Henry Danger- The Movie (2025) BEQ DD+ Atmos.xml,1737163239,1737163239
movies/A/Absolution (2024) BEQ DTS-HD MA 5.1.xml,1737390943,1737390943
movies/M/Malcolm X (1992) BEQ DTS-HD MA 5.1.xml,1737406830,1737406830
movies/N/Nosferatu (2024) BEQ DD+ Atmos.xml,1737456261,1737456261
movies/S/Sonic the Hedgehog 2 (2022) BEQ Atmos.xml,1737456261,1737456261
movies/S/Sonic the Hedgehog 3 (2024) BEQ DD+ Atmos.xml,1737456261,1744296382
movies/D/The Damned (2025) BEQ DD+.xml,1737598869,1737598869
tv/N/The Night Agent (2023) (Season 02) BEQ DD+ Atmos.xml,1737675535,1737675535
movies/S/Star Trek- Section 31 (2025) BEQ DD+.xml,1737698836,1737698836
movies/N/Nightbitch (2024) BEQ DD+ Atmos.xml,1737733839,1737733839
tv/A/The Agency (2024) (Season 01) BEQ DD+.xml,1737733839,1737733839
movies/R/Rubikon (2022) BEQ DTS-HD MA 5.1.xml,1737835286,1737835286
movies/D/Downsizing (2017) BEQ DTS-HD MA 7.1.xml,1737909757,1737909757
movies/M/Moana 2 (2024) BEQ DD+ Atmos.xml,1737993712,1743908042
movies/D/Den of Thieves (2018) BEQ DTS-HD MA 5.1.xml,1738085550,1738085550
movies/D/Den of Thieves 2- Pantera (2025) BEQ DD+ Atmos.xml,1738085550,1738085550
movies/I/The Invisible Raptor (2023) BEQ DTS-HD MA 5.1.xml,1738267970,1738267970
movies/W/Werewolves (2024) BEQ DTS-HD MA 5.1.xml,1738387237,1742047716
movies/R/Reindeer Games (2000) BEQ DTS-HD MA 5.1.xml,1738451166,1738451166
movies/C/Conclave (2024) BEQ Atmos.xml,1738650204,1738650204
movies/W/Wolf Man (2025) BEQ DD+ Atmos.xml,1738686076,1738686076
movies/S/September 5 (2024) BEQ DD+.xml,1738689409,1738689409
movies/I/Internal Affairs (1990) BEQ DTS-HD MA 5.1.xml,1738850649,1738850649
tv/C/Cassandra (2025) (Season 01) BEQ DD+ Atmos.xml,1738898326,1738898326
movies/F/Fight Another Day (2024) BEQ DTS-HD MA 5.1.xml,1739031388,1739031388
movies/P/Panic Room (2002) BEQ Atmos.xml,1739113055,1739113055
movies/B/Body Parts (1991) BEQ DTS-HD MA 5.1.xml,1739155787,1739155787
movies/C/Constantine (2005) BEQ Atmos.xml,1739297296,1739297296
movies/P/Pink Floyd- The Wall (1982) BEQ DTS-HD MA 5.1.xml,1739341754,1739341754
movies/S/Sick (2022) BEQ Atmos.xml,1739380474,1739380474
movies/W/We Die Young (2019) BEQ DD 5.1.xml,1739380474,1739380474
tv/H/High Potential (2024) (Season 01) BEQ DD+.xml,1739380474,1739380474
movies/N/Nosferatu (2024) (Extended Cut) BEQ Atmos.xml,1739469981,1739469981
movies/N/Nosferatu (2024) BEQ Atmos.xml,1739469981,1739469981
movies/B/Bridget Jones- Mad About the Boy (2025) BEQ DD+.xml,1739475336,1739475336
movies/E/Elevation (2024) BEQ DTS-HD MA 5.1.xml,1739499623,1739499623
movies/F/Flight Risk (2025) BEQ DD+.xml,1739505262,1739505262
tv/D/Dexter- Original Sin (2024) (Season 01) BEQ DD+.xml,1739527283,1739527283
movies/G/The Gorge (2025) BEQ DD+ Atmos.xml,1739584200,1739584200
movies/A/A Legend (2025) BEQ DTS-HD MA 5.1.xml,1739677734,1739677734
movies/P/Pretty in Pink (1986) BEQ DTS-HD MA 5.1.xml,1739680313,1739680313
movies/U/Uncle Buck (1989) BEQ DTS-HD MA 5.1.xml,1739680313,1739680313
movies/Y/You Were Never Really Here (2017) BEQ DTS-HD MA 5.1.xml,1739756173,1739756173
movies/M/Mufasa- The Lion King (2024) BEQ DD+ Atmos.xml,1739816710,1739816710
movies/C/Companion (2025) BEQ DD+ Atmos.xml,1739901587,1766198243
tv/Z/Zero Day (2025) (Season 01) BEQ DD+ Atmos.xml,1740068887,1740068887
movies/O/The Order (2024) BEQ DTS-HD MA 5.1.xml,1740110395,1740110395
tv/T/A Thousand Blows (2025) (Season 01) BEQ DD+ Atmos.xml,1740239187,1740239187
movies/G/Gladiator II (2024) BEQ Atmos.xml,1740277742,1740277742
movies/C/Con Air (1997) BEQ DD+ Atmos.xml,1740346237,1740346237
tv/S/SAS Rogue Heroes (2022) (Season 01) BEQ DTS-HD MA 5.1.xml,1740363431,1740363431
tv/M/Marvel's Avengers (2013) (Season 01) BEQ DD 5.1.xml,1740364690,1740364690
tv/S/SAS Rogue Heroes (2022) (Season 02) BEQ DTS-HD MA 5.1.xml,1740399543,1740399543
movies/R/Rippy (2024) BEQ DTS-HD MA 5.1.xml,1740412845,1740412845
tv/C/Cross (2024) (Season 01) BEQ DD+ Atmos.xml,1740451868,1740451868
movies/C/A Complete Unknown (2024) BEQ DD+ Atmos.xml,1740519543,1740519543
movies/R/The Red Violin (1998) BEQ DTS-HD MA 5.1.xml,1740615891,1740615891
movies/U/Uppercut (2025) BEQ DD+.xml,1740716229,1740716229
movies/R/Red One (2024) BEQ DD+ Atmos.xml,1740945843,1741017202
movies/R/Red One (2024) BEQ Atmos.xml,1741017202,1741017202
tv/P/Paradise (2025) (Season 01) BEQ DD+.xml,1741099438,1741099438
tv/P/Prime Target (2025) (Season 01) BEQ DD+ Atmos.xml,1741192600,1741192600
movies/J/Jules (2023) BEQ DD+.xml,1741206143,1741206143
movies/D/The Disappearance of Alice Creed (2009) BEQ DD+.xml,1741317697,1741317697
movies/G/Ghosts of Mars (2001) BEQ DTS-HD MA 5.1.xml,1741468460,1741468460
movies/N/The Nice Guys (2016) BEQ DTS-HD MA 5.1.xml,1741613333,1741613333
movies/D/Daylight (1996) BEQ DTS-HD MA 5.1.xml,1741720848,1741720848
movies/Y/You Won't Be Alone (2022) BEQ DD+.xml,1741925238,1741925238
movies/E/The Electric State (2025) BEQ DD+ Atmos.xml,1741967641,1741967641
movies/W/The World of Hans Zimmer - Hollywood in Vienna 2018 (2021) BEQ Atmos.xml,1742204019,1742204019
movies/L/Last Breath (2025) BEQ DD+ Atmos.xml,1742298335,1742298335
movies/G/The General's Daughter (1999) BEQ DTS-HD MA 5.1.xml,1742430913,1742430913
tv/S/Severance (2022) (Season 02) BEQ DD+ Atmos.xml,1742559967,1742559967
movies/L/The Long Kiss Goodnight (1996) BEQ Atmos.xml,1742591175,1742591175
movies/P/Picture This (2025) BEQ DD+.xml,1742652485,1742652485
movies/B/The Brutalist (2024) BEQ DTS-HD MA 5.1.xml,1742672009,1742672009
movies/B/Brimstone (2016) BEQ DTS-HD MA 5.1.xml,1742782786,1742782786
movies/I/In the Heart of the Sea (2015) BEQ Atmos.xml,1742782786,1742782786
movies/F/Flight Risk (2025) BEQ DTS-HD MA 7.1.xml,1743044898,1743045648
tv/R/Reacher (2022) (Season 03) BEQ DD+ Atmos.xml,1743089327,1743089327
movies/L/Love Hurts (2025) BEQ Atmos.xml,1743107566,1743107566
movies/T/Tommy Boy (1995) BEQ TrueHD 5.1.xml,1743112200,1743112200
movies/C/Carjackers (2025) BEQ DD+.xml,1743177510,1743446963
movies/C/Conan the Barbarian (2011) BEQ Atmos.xml,1743300818,1743300818
movies/S/Star Trek- The Motion Picture (1977) (Director's Cut) BEQ Atmos.xml,1743300818,1743300818
tv/R/The Residence (2025) (Season 01) BEQ DD+ Atmos.xml,1743385520,1743385520
movies/H/The Hunt (2020) BEQ Atmos.xml,1743452183,1743452183
movies/B/Black Bag (2025) BEQ DD+.xml,1743558915,1743558915
movies/W/We Live in Time (2024) BEQ DD+ Atmos.xml,1743560921,1743560921
tv/B/The Bondsman (2025) (Season 01) BEQ DD+.xml,1743778407,1743778407
tv/H/House of David (2025) (Season 01) BEQ DD+.xml,1743778407,1743778407
movies/F/Fog of War (2025) BEQ DD+.xml,1743803109,1743803109
movies/M/Mickey 17 (2025) BEQ DD+ Atmos.xml,1743868631,1746661036
tv/#/1923 (2022) (Season 01) BEQ DD+.xml,1743966605,1743966605
tv/#/1923 (2022) (Season 02) BEQ DD+.xml,1743966605,1743966605
movies/B/The Big Short (2015) BEQ DD+.xml,1743996585,1743996585
movies/B/The Big Short (2015) BEQ DTS-X.xml,1743996585,1743996585
movies/F/Fantastic Four (2005) BEQ DTS-HD MA 5.1.xml,1744079380,1744079380
movies/F/Fantastic Four (2015) BEQ DTS-HD MA 7.1.xml,1744079380,1744079380
movies/N/Novocaine (2025) BEQ DD+.xml,1744089255,1744131083
movies/I/In the Lost Lands (2025) BEQ DD+.xml,1744143394,1744143394
tv/D/Daredevil- Born Again (2025) (Season 01) BEQ DD+ Atmos.xml,1744213872,1744775146
movies/G/G20 (2025) BEQ DD+ Atmos.xml,1744297375,1744297375
movies/E/Escalation (2023) BEQ DTS-HD MA 5.1.xml,1744336176,1744336176
tv/B/Black Mirror (2011) (Season 07) BEQ DD+ Atmos.xml,1744367754,1744367754
tv/P/The Pitt (2025) (Season 01) BEQ DD+.xml,1744393235,1744393235
movies/F/Fight or Flight (2025) BEQ DD+.xml,1744464418,1744464418
movies/T/Timecop (1994) BEQ DTS-HD MA 5.1.xml,1744595962,1744595962
movies/C/Captain America- Brave New World (2025) BEQ DD+ Atmos.xml,1744655975,1744655975
movies/A/A Working Man (2025) BEQ DD+ Atmos.xml,1744723398,1749078981
movies/T/Things to Do in Denver When You're Dead (1995) BEQ DTS-HD MA 5.1.xml,1744816261,1744816261
movies/L/Locked (2025) BEQ DD+.xml,1745369936,1763857518
tv/A/Star Wars- Andor (2022) (Season 02) BEQ DD+ Atmos.xml,1745371666,1745371666
tv/S/Star Wars- Andor (2022) (Season 02) BEQ DD+ Atmos.xml,1745375586,1745375586
movies/T/Tombstone (1993) BEQ DTS-HD MA 5.1.xml,1745416456,1745416456
movies/P/Pale Rider (1985) BEQ Atmos.xml,1745461056,1745461056
movies/D/Drop Zone (1994) BEQ DTS-HD MA 5.1.xml,1745464886,1745464886
movies/F/Freaky Tales (2024) BEQ DD+.xml,1745553627,1745553627
movies/H/Havoc (2025) BEQ DD+ Atmos.xml,1745593029,1745593029
tv/D/Dope Thief (2025) (Season 01) BEQ DD+ Atmos.xml,1745764241,1745764241
movies/D/Drop (2025) BEQ DD+.xml,1745904548,1745904548
tv/S/Andor (2022) (Season 01 E01-04) BEQ DD+ Atmos.xml,1745980733,1745980733
movies/D/Death of a Unicorn (2025) BEQ DD+ Atmos.xml,1745987658,1745987658
tv/S/Andor (2022) (Season 01E01-06) BEQ DD+ Atmos.xml,1746024720,1746314916
movies/S/Star Trek- Section 31 (2025) BEQ Atmos.xml,1746025767,1746025767
movies/R/Rust (2025) BEQ DD+.xml,1746195173,1757128036
movies/A/Another Simple Favor (2025) BEQ DD+ Atmos.xml,1746245679,1746245679
tv/S/Star Wars- Tales of the Underworld (2025) (Season 01) BEQ DD+ Atmos.xml,1746319793,1746319793
movies/W/Warfare (2025) BEQ DD+ Atmos.xml,1746528150,1751172439
movies/B/The Ballad of Wallis Island (2025) BEQ DD+ Atmos.xml,1746528580,1746528580
movies/L/The Luckiest Man in America (2025) BEQ DD+.xml,1746546705,1746546705
movies/C/Captain America- Brave New World (2025) BEQ Atmos.xml,1746559141,1746559141
movies/I/The Informant! (2009) BEQ DTS-HD MA 5.1.xml,1746561060,1746561060
tv/S/Andor (2022) (Season 02E01-09) BEQ DD+ Atmos.xml,1746635593,1746635593
tv/R/Running Point (2025) (Season 01) BEQ DD+ Atmos.xml,1746661439,1746661439
movies/B/Black Bag (2025) BEQ Atmos.xml,1746735658,1746735658
movies/S/Snow White (2025) BEQ DD+.xml,1747062524,1747090358
movies/M/A Minecraft Movie (2025) BEQ DD+ Atmos.xml,1747151015,1747151015
tv/S/Andor (2022) (Season 02) BEQ DD+ Atmos.xml,1747237278,1747237278
movies/P/Presence (2024) BEQ Atmos.xml,1747371522,1747371522
movies/D/Deaf President Now! (2025) BEQ DD+ Atmos.xml,1747372791,1747372791
movies/M/The Man Who Knew Infinity (2016) BEQ DTS-HD MA 5.1.xml,1747501111,1747501111
movies/B/Bonhoeffer- Pastor. Spy. Assassin (2024) BEQ DD+.xml,1747779236,1747779236
tv/S/The Studio (2025) (Season 01) BEQ DD+ Atmos.xml,1747897315,1747897315
movies/F/Fountain of Youth (2025) BEQ DD+ Atmos.xml,1747967612,1747967612
movies/A/Air Force Elite- Thunderbirds (2025) BEQ DD+ Atmos.xml,1748030527,1748030527
movies/U/Until Dawn (2025) BEQ DD+ Atmos.xml,1748030527,1748030527
movies/K/Kingdom of Heaven (2005) BEQ Atmos.xml,1748185797,1748185797
tv/L/The Last of Us (2023) (Season 02) BEQ DD+ Atmos.xml,1748275602,1748275602
tv/H/The Handmaid's Tale (2017) (Season 06) BEQ DD+ Atmos.xml,1748363925,1748363925
movies/C/Career Opportunities (1991) BEQ DTS-HD MA 5.1.xml,1748469206,1748469206
tv/G/Government Cheese (2025) (Season 01) BEQ DD+ Atmos.xml,1748482614,1748482614
movies/S/Sinners (2025) BEQ DD+ Atmos.xml,1748530421,1751474764
tv/D/Dept. Q (2025) (Season 01) BEQ DD+ Atmos.xml,1748538427,1748538427
tv/E/Earnhardt (2025) (Season 01) BEQ DD+ Atmos.xml,1748606718,1748606718
tv/V/The Veil (2024) (Season 01) BEQ DD+.xml,1748614642,1748614642
tv/Y/Your Friends & Neighbors (2025) (Season 01) BEQ DD+ Atmos.xml,1748614642,1748614642
tv/M/MobLand (2025) (Season 01) BEQ DD+ Atmos.xml,1748820641,1748820641
movies/P/Punch-Drunk Love (2002) BEQ Atmos.xml,1748906569,1748906569
movies/F/Freaky Tales (2025) BEQ TrueHD 7.1.xml,1748982176,1749571263
movies/S/Swordfish (2001) BEQ DTS-HD MA 5.1.xml,1749015964,1749015964
movies/S/Starman (1984) BEQ Atmos.xml,1749067962,1749067962
movies/A/The Accountant² (2025) BEQ DD+ Atmos.xml,1749134568,1749145852
movies/D/Drop (2025) BEQ Atmos.xml,1749134568,1749134568
movies/R/The Raid (2011) (Mike Shinoda) BEQ Atmos.xml,1749191360,1749191360
movies/S/The Surfer (2025) BEQ DD+ Atmos.xml,1749225278,1752522273
movies/H/Home (2009) BEQ DTS-HD MA 5.1.xml,1749308335,1749308335
movies/F/Fear Below (2025) BEQ DTS-HD MA 5.1.xml,1749334016,1749334016
movies/F/First Man (2018) BEQ DTS-HD MA 7.1.xml,1749347306,1749349243
movies/L/Last Breath (2025) BEQ DTS-HD MA 5.1.xml,1749482229,1749482229
movies/A/The Amateur (2025) BEQ DD+ Atmos.xml,1749494513,1751204114
movies/T/Traffic (2000) BEQ DTS-HD MA 5.1.xml,1749510769,1749510769
movies/C/Courage Under Fire (1996) BEQ DTS-HD MA 5.1.xml,1749655580,1749655580
movies/P/The Peacemaker (1997) BEQ DTS-HD MA 5.1.xml,1749655580,1749655580
movies/D/Deep Cover (2025) BEQ DD+.xml,1749748067,1749748067
movies/S/Squad 36 (2025) BEQ DD+ Atmos.xml,1749748067,1749748067
movies/J/Jurassic Park (1993) BEQ Atmos.xml,1749912512,1749912512
movies/J/Jurassic Park III (2001) BEQ Atmos.xml,1749912512,1751129857
movies/L/The Lost World- Jurassic Park (1997) BEQ Atmos.xml,1749912512,1751129857
movies/G/The Great Wall (2016) BEQ Atmos.xml,1749941078,1749941078
movies/W/Warcraft (2016) BEQ Atmos.xml,1750110020,1750110020
movies/U/Until the End of the World (1991) BEQ DTS-HD MA 5.1.xml,1750267393,1750283486
movies/P/Predator- Killer of Killers (2025) BEQ DD+ Atmos.xml,1750341424,1750341424
movies/I/In the Lost Lands (2025) BEQ Atmos.xml,1750391147,1750391147
movies/D/DeepStar Six (1989) BEQ DTS-HD MA 5.1.xml,1750724475,1750724475
movies/P/The Phoenician Scheme (2025) BEQ DD+ Atmos.xml,1750853532,1753498458
tv/S/Squid Game (2021) (Season 03) BEQ DD+ Atmos.xml,1751038772,1751038772
movies/#/11 Rebels (2024) BEQ Atmos.xml,1751115090,1751115090
movies/T/Thunderbolts (2025) BEQ DD+ Atmos.xml,1751292810,1751292810
movies/B/Ballerina (2025) BEQ DD+ Atmos.xml,1751371360,1751371360
tv/I/Ironheart (2025) (Season 01) BEQ DD+ Atmos.xml,1751419744,1751419744
movies/B/Bring Her Back (2025) BEQ DD+ Atmos.xml,1751471118,1755227619
movies/H/Heads of State (2025) BEQ DD+ Atmos.xml,1751471118,1751471118
movies/O/The Old Guard 2 (2025) BEQ DD+ Atmos.xml,1751471118,1751471118
movies/L/Lethal Weapon (1987) BEQ Atmos.xml,1751474764,1751475639
tv/L/Long Way Home (2025) (Season 01) BEQ DD+ Atmos.xml,1751641218,1751641218
tv/D/Duster (2025) (Season 01) BEQ DD+ Atmos.xml,1751651131,1751651131
movies/A/Almost Famous (2000) BEQ DTS-HD MA 5.1.xml,1751654743,1751654743
tv/S/The Sandman (2022) (Season 02) BEQ DD+ Atmos.xml,1751664784,1753997636
movies/J/JFK (1991) (Directors Cut) BEQ DTS-HD MA 5.1.xml,1751770249,1751770249
tv/G/The Glass Dome (2025) (Season 01) BEQ DD+.xml,1751845350,1751845350
movies/U/The Unholy Trinity (2025) BEQ DD+.xml,1751990793,1751990793
movies/S/Shaun of the Dead (2004) BEQ Atmos.xml,1752089210,1752089210
tv/P/Poker Face (2023) (Season 02) BEQ DD+.xml,1752169308,1752169308
movies/Z/Ziam (2025) BEQ DD+ Atmos.xml,1752202893,1752202893
movies/Z/Zodiak (2007) BEQ TrueHD 5.1.xml,1752202893,1752202893
tv/M/Murderbot (2025) (Season 01) BEQ DD+ Atmos.xml,1752251886,1752251886
movies/M/Mountainhead (2025) BEQ DD+ Atmos.xml,1752288360,1752288360
movies/H/How to Train Your Dragon (2025) BEQ DD+ Atmos.xml,1752600703,1754617538
movies/M/M3GAN 2.0 (2025) BEQ DD+ Atmos.xml,1752600703,1757994302
movies/E/Eden (2025) BEQ DTS-HD MA 5.1.xml,1752629916,1752629916
movies/F/The Fisher King (1991) BEQ DTS-HD MA 5.1.xml,1752688313,1752688313
tv/U/UNTAMED (2025) (Season 01) BEQ DD+ Atmos.xml,1752764977,1752764977
movies/B/Brick (2025) BEQ DD+ Atmos.xml,1752853764,1752853764
movies/T/Thunderbolts (2025) BEQ Atmos.xml,1753088850,1753088850
movies/T/Thunderbolts (2025) BEQ DTS-HD MA 7.1.xml,1753088850,1753088850
movies/A/Ash (2025) BEQ DD+.xml,1753208719,1753208719
movies/A/Ash (2025) BEQ DTS-HD MA 5.1.xml,1753208719,1753208719
movies/#/40 Acres (2025) BEQ DD+.xml,1753292095,1753292095
movies/M/Materialists (2025) BEQ DD+ Atmos.xml,1753330892,1753330892
tv/S/The Sandman (2022) (Season 02) BEQ Atmos.xml,1753383696,1753997636
movies/H/Happy Gilmore 2 (2025) BEQ DD+ Atmos.xml,1753455903,1753455903
tv/T/Trigger (2025) (Season 01) BEQ DD+ Atmos.xml,1753498458,1753498458
tv/F/Foundation (2021) (Season 03) BEQ DD+ Atmos.xml,1753578162,1757708577
movies/A/Alexander (2006) (Revisited- The Final Unrated Cut) BEQ Atmos.xml,1753745948,1753745948
movies/#/28 Years Later (2025) BEQ DD+ Atmos.xml,1753804315,1753804315
tv/E/Eyes of Wakanda (2025) (Season 01) BEQ DD+ Atmos.xml,1754056996,1754056996
movies/M/Master and Commander- The Far Side of the World (2003) BEQ Atmos.xml,1754149490,1754149490
movies/A/The Accountant² (2025) BEQ Atmos.xml,1754277038,1754277038
movies/B/Breakdown (1997) BEQ TrueHD 5.1.xml,1754277038,1763594381
movies/M/Meet the Parents (2000) BEQ Atmos.xml,1754277038,1754277038
movies/B/The Big Ugly (2020) BEQ DTS-HD MA 5.1.xml,1754322524,1754322524
movies/J/Jurassic World Rebirth (2025) BEQ DD+ Atmos.xml,1754395761,1756955046
movies/P/The Pickup (2025) BEQ DD+ Atmos.xml,1754525670,1754525670
movies/T/TRON- Legacy (2010) BEQ DTS-HD MA 7.1.xml,1754617538,1754617538
movies/#/The 40 Year Old Virgin (2005) (Theatrical) BEQ Atmos.xml,1754866695,1754866695
movies/#/The 40 Year Old Virgin (2005) (Unrated Cut) BEQ Atmos.xml,1754945068,1754945068
movies/E/Eddington (2025) BEQ DD+ Atmos.xml,1755014967,1755014967
movies/L/The Little Things (2021) BEQ Atmos.xml,1755037674,1755037674
tv/A/Alien- Earth (2025) (Season 01) BEQ DD+.xml,1755049250,1759550354
tv/S/Smoke (2025) (Season 01) BEQ DD+ Atmos.xml,1755227619,1755227619
movies/S/Superman (2025) BEQ DD+ Atmos.xml,1755235251,1757946362
movies/A/The Alto Knights (2025) BEQ DD+ Atmos.xml,1755373672,1755373672
movies/M/Mission- Impossible - The Final Reckoning (2025) BEQ DD+ Atmos.xml,1755460925,1755460925
movies/L/Lake Placid (1999) BEQ DTS-HD MA 5.1.xml,1755462149,1755462149
movies/H/Happy Gilmore (1996) BEQ DTS-HD MA 5.1.xml,1755580552,1755580552
tv/P/Marvel's The Punisher (2017) (Season 01) BEQ DD+ Atmos.xml,1755583642,1755583642
tv/F/Fallout (2024) (Season 01) BEQ Atmos.xml,1755619155,1755619155
movies/C/Coneheads (1993) BEQ DTS-HD MA 5.1.xml,1755622518,1755622518
tv/P/Marvel's The Punisher (2017) (Season 02) BEQ DD+ Atmos.xml,1755622518,1755622518
movies/K/Karate Kid- Legends (2025) BEQ Atmos.xml,1755750693,1755750693
movies/F/Fury (2014) BEQ Atmos.xml,1755794782,1755794782
movies/F/F1 (2025) BEQ DD+ Atmos.xml,1755808946,1758938910
movies/I/Interstellar (2014) BEQ Atmos.xml,1755812062,1755812062
movies/J/John Wick- Chapter 2 (2017) BEQ Atmos.xml,1755812062,1755812062
movies/E/Erin Brockovich (2000) BEQ DTS-HD MA 5.1.xml,1755833589,1755833589
movies/N/Night Always Comes (2025) BEQ DD+ Atmos.xml,1755833589,1755833589
movies/I/Interstellar (2014) BEQ DTS-HD MA 5.1.xml,1755959962,1755959962
movies/E/Event Horizon (1997) (UHD) BEQ TrueHD 5.1.xml,1756052230,1756052230
movies/B/Ballerina (2025) BEQ Atmos.xml,1756150307,1756150307
movies/E/Employee of the Month (2006) BEQ DTS-HD MA 6.1.xml,1756329149,1756329149
movies/U/Uncut Gems (2019) BEQ Atmos.xml,1756505952,1756505952
movies/B/Better Man (2024) BEQ Atmos.xml,1756522425,1756522425
movies/R/The Rundown (2003) BEQ DTS-HD MA 5.1.xml,1756567413,1756567413
movies/T/The Two Jakes (1990) BEQ DTS-HD MA 5.1.xml,1756739548,1756739548
movies/N/Nobody 2 (2025) BEQ DD+ Atmos.xml,1756789787,1759781417
tv/W/Wednesday (2022) (Season 02) BEQ DD+ Atmos.xml,1756919123,1756919123
movies/H/Highest 2 Lowest (2025) BEQ DD+ Atmos.xml,1757048258,1757048258
tv/D/Dexter- Resurrection (2025) (Season 01) BEQ DD+ Atmos.xml,1757090107,1757090107
tv/P/The Paper (2025) (Season 01) BEQ DD+.xml,1757090107,1757090107
movies/W/Weapons (2025) BEQ DD+.xml,1757387777,1760067042
tv/T/Task (2025) (Season 01) BEQ DD+ Atmos.xml,1757469492,1757469492
tv/S/Star Trek- Strange New Worlds (2022) (Season 01) BEQ DTS-HD MA 5.1.xml,1757612871,1757612871
tv/S/Star Trek- Strange New Worlds (2022) (Season 02) BEQ DTS-HD MA 5.1.xml,1757612871,1757612871
tv/S/Star Trek- Strange New Worlds (2022) (Season 03) BEQ DD+.xml,1757612871,1757612871
movies/U/Under Fire (2025) BEQ DD+.xml,1757722967,1757722967
movies/D/The Darkest Minds (2018) BEQ Atmos.xml,1757778695,1757778695
movies/T/Tron (1982) BEQ Atmos.xml,1757979038,1760391450
movies/T/TRON- Legacy (2010) BEQ Atmos.xml,1757981358,1757981358
tv/T/Tom Clancy's Jack Ryan (2018) (Season 03) BEQ Atmos.xml,1758113536,1758113536
tv/T/Tom Clancy's Jack Ryan (2018) (Season 01) BEQ Atmos.xml,1758170727,1758170727
tv/T/Tom Clancy's Jack Ryan (2018) (Season 02) BEQ Atmos.xml,1758170727,1758170727
tv/L/The Last of Us (2023) (Season 01) BEQ Atmos.xml,1758261163,1758261163
tv/L/The Last of Us (2023) S02 BEQ Atmos.xml,1758261163,1758261163
tv/C/Chief of War (2025) (Season 01) BEQ DD+ Atmos.xml,1758313030,1758313030
tv/T/Top Gun- The Next Generation (2025) (Season 01) BEQ DD+.xml,1758499184,1758499184
movies/F/The Fantastic 4- First Steps (2025) BEQ DD+ Atmos.xml,1758553489,1759704228
movies/P/Primitive War (2025) BEQ DD+.xml,1758822606,1765569736
tv/M/Marvel Zombies (2025) (Season 01) BEQ DD+ Atmos.xml,1758822606,1758822606
movies/T/The Thin Red Line (1998) BEQ DTS-HD MA 5.1.xml,1758920489,1758920489
movies/D/Die Hard (1988) BEQ DTS-HD MA 5.1.xml,1758988136,1758988136
movies/L/The Last Winter (2008) BEQ DTS-HD MA 5.1.xml,1759065055,1759065055
movies/D/D.A.R.Y.L. (1985) BEQ DTS-HD MA 5.1.xml,1759197659,1759197659
movies/C/Caught Stealing (2025) BEQ DD+ Atmos.xml,1759243685,1762365723
movies/D/Downton Abbey- The Grand Finale (2025) BEQ DD+ Atmos.xml,1759355204,1759355204
movies/#/47 Ronin (2013) BEQ DD+ Atmos.xml,1759363584,1759363584
movies/S/Silverado (1985) BEQ Atmos.xml,1759510915,1759510915
movies/L/The Lost Bus (2025) BEQ DD+ Atmos.xml,1759513174,1759513174
movies/S/Steve (2025) BEQ DD+ Atmos.xml,1759542487,1759542487
movies/H/A History of Violence (2005) BEQ DTS-HD MA 5.1.xml,1759687167,1759687167
tv/T/The Terminal List (2022) (Season 01) BEQ DD+.xml,1759725849,1759725849
tv/T/The Terminal List- Dark Wolf (2025) (Season 01) BEQ DD+ Atmos.xml,1759725849,1759725849
tv/B/Brilliant Minds (2024) (Season 01) BEQ DD+.xml,1759806791,1759806791
tv/P/Peacemaker (2022) (Season 02) BEQ DD+ Atmos.xml,1760126686,1760126686
movies/M/Mission- Impossible - The Final Reckoning (2025) BEQ Atmos.xml,1760231371,1760231371
movies/B/The Bone Collector (1999) BEQ TrueHD 5.1.xml,1760540852,1760540852
movies/A/The Astronaut (2025) BEQ DD+.xml,1760925584,1760925584
movies/H/Homestead (2024) BEQ DD+.xml,1760980485,1760980485
movies/L/Lawrence of Arabia (1962) BEQ Atmos.xml,1760980485,1760980485
tv/E/Earth at Night in Colour (2020) (Season 01) BEQ DD+ Atmos.xml,1760993032,1760993032
movies/A/Afterburn (2025) BEQ DD+.xml,1761023914,1761023914
movies/M/The Magnificent Seven (2016) BEQ Atmos.xml,1761100221,1761100221
movies/L/The Long Walk (2025) BEQ DD+ Atmos.xml,1761154080,1764723675
tv/I/IT- Welcome to Derry (2025) (Season 01) BEQ DD+ Atmos.xml,1761578534,1765772372
movies/B/Ballad of a Small Player (2025) BEQ DD+ Atmos.xml,1761780550,1761780550
movies/H/A House of Dynamite (2025) BEQ DD+ Atmos.xml,1761780550,1761780550
movies/K/Knock Knock (2015) BEQ Atmos.xml,1761780550,1761780550
movies/S/Stolen Girl (2025) BEQ DD+ Atmos.xml,1761780550,1761780550
tv/S/Slow Horses (2022) (Season 05) BEQ DD+ Atmos.xml,1761780550,1761780550
movies/L/London Calling (2025) BEQ DTS-HD MA 5.1.xml,1762147963,1762147963
movies/A/American Made (2017) BEQ DTS-X.xml,1762280191,1762280191
movies/B/Bastille Day (2016) BEQ DD+.xml,1762280191,1762280191
"movies/R/Roman J. Israel, Esq. (2017) BEQ DTS-HD MA 5.1.xml",1762280191,1762280191
movies/T/Those Who Wish Me Dead (2021) BEQ DTS-HD MA 5.1.xml,1762280191,1762280191
movies/S/The Smashing Machine (2025) BEQ DD+ Atmos.xml,1762293912,1766871116
tv/P/Pluribus (2025) (Season 01) BEQ DD+ Atmos.xml,1762535553,1766632834
movies/N/The Naked Gun (2025) BEQ Atmos.xml,1762567323,1762567323
movies/F/Frankenstein (2025) BEQ DD+ Atmos.xml,1762633381,1762633381
movies/V/V for Vendetta (2006) BEQ Atmos.xml,1762633381,1762633381
movies/G/Good Fortune (2025) BEQ DD+ Atmos.xml,1762644555,1764352799
movies/C/The City of Lost Children (1995) BEQ DTS-HD MA 5.1.xml,1762792796,1762792796
movies/F/Final Destination Bloodlines (2025) BEQ Atmos.xml,1762820095,1762820095
movies/R/Roofman (2025) BEQ DD+.xml,1762881381,1762881381
movies/O/One Battle After Another (2025) BEQ DD+ Atmos.xml,1763098226,1763098226
tv/L/Landman (2024) (Season 02) BEQ DD+.xml,1763317839,1763317839
movies/I/If I Had Legs I'd Kick You (2025) BEQ DD+ Atmos.xml,1763594381,1763594381
movies/A/Anniversary (2025) BEQ DD+ Atmos.xml,1763698604,1763698604
movies/H/Hans Zimmer & Friends- Diamond in the Desert (2025) BEQ DD+.xml,1763698604,1763698604
tv/B/The Beast in Me (2025) (Season 01) BEQ DD+ Atmos.xml,1763698604,1763698604
movies/T/Train Dreams (2025) BEQ DD+ Atmos.xml,1763865070,1763865070
movies/A/After the Hunt (2025) BEQ DD+ Atmos.xml,1763939055,1763939055
movies/S/Source Code (2011) BEQ Atmos.xml,1764018513,1764018513
movies/S/Synchronic (2019) BEQ DTS-HD MA 5.1.xml,1764088244,1764088244
movies/B/Bugonia (2025) BEQ DD+ Atmos.xml,1764090600,1765996131
tv/S/Stranger Things (2016) (Season 05) BEQ DD+ Atmos.xml,1764248208,1764248208
movies/D/Dracula (2025) BEQ DD+ Atmos.xml,1764385057,1764385057
movies/T/TRON- Ares (2025) BEQ DD+ Atmos.xml,1764624268,1766768748
tv/C/The Chair Company (2025) (Season 01) BEQ DD+ Atmos.xml,1764697826,1764697826
tv/L/The Librarians- The Next Chapter (2025) (Season 01) BEQ DTS-HD MA 5.1.xml,1764828312,1764828312
movies/A/Awakenings (1990) BEQ Atmos.xml,1765302340,1765302340
movies/B/Boogie Nights (1997) BEQ DTS-HD MA 5.1.xml,1766607187,1766607187
movies/B/The Big Lebowski (1998) BEQ DTS-X.xml,1767030293,1767030293
movies/G/G.I. Jane (1997) BEQ DTS-HD MA 5.1.xml,1767051753,1767051753
movies/M/Metallica and San Francisco Symphony- S&M2 (2019) BEQ DTS-HD MA 5.1.xml,1766433273,1766433273
movies/M/Minority Report (2002) BEQ DTS-HD MA 5.1.xml,1765302340,1765302340
movies/M/The Mastermind (2025) BEQ DD+.xml,1765569736,1765569736
movies/N/Now You See Me- Now You Don't (2025) BEQ DD+ Atmos.xml,1765908643,1765908643
movies/N/Nuremberg (2025) BEQ DD+ Atmos.xml,1766517003,1766517003
movies/N/The Nativity Story (2006) BEQ DD+.xml,1766597634,1766597634
movies/R/Rabbit-Proof Fence (2002) BEQ DTS-HD MA 5.1.xml,1766632834,1766632834
movies/R/Rudy (1993) BEQ Atmos.xml,1700433999,1700433999
movies/S/Safe House (2025) BEQ DTS-HD MA 5.1.xml,1765064947,1765064947
movies/S/Sisu- Road to Revenge (2025) BEQ DD+ Atmos.xml,1765921425,1765921425
movies/S/Spinal Tap II- The End Continues (2025) BEQ Atmos.xml,1765674262,1765674262
movies/T/This Is Spinal Tap (1984) BEQ DTS-HD MA 5.1.xml,1765762104,1765762104
movies/T/Trap House (2025) BEQ DD+.xml,1764874382,1764874382
movies/T/Turbulence (2025) BEQ DD+.xml,1765656376,1765656376
movies/W/The Woman in Cabin 10 (2025) BEQ DD+ Atmos.xml,1765569736,1765569736
movies/W/Wake Up Dead Man- A Knives Out Mystery (2025) BEQ DD+ Atmos.xml,1765569736,1765569736
movies/W/Wicked- For Good (2025) BEQ DD+ Atmos.xml,1767084231,1767084231
tv/F/Fallout (2024) (Season 02) BEQ DD+ Atmos.xml,1766605261,1766605261
tv/L/The Last Frontier (2025) (Season 01) BEQ DD+ Atmos.xml,1764991318,1764991318
tv/O/The Old Man (2022) (Season 01) BEQ DD+.xml,1767806211,1767806211
tv/O/The Old Man (2022) (Season 02) BEQ DD+.xml,1767806211,1767806211
tv/P/The Pitt (2025) (Season 02) BEQ DD+ Atmos.xml,1767926100,1767926100
