Movies/#/8-Bit Christmas (2021) BEQ DD+ Atmos.xml,1741485869,1741485869
Movies/A/A Nightmare on Elm Street (1984) BEQ DD+ Atmos.xml,1741620770,1741620770
Movies/A/Abigail (2024) BEQ DD+ Atmos.xml,1741446662,1741446662
Movies/C/Con Air (1997) BEQ DD+ Atmos.xml,1741811885,1742069848
Movies/C/Control Freak (2025) BEQ DD+.xml,1741915553,1745673395
Movies/D/Daylight (1996) BEQ DTS-HD MA 5.1.xml,1741907735,1742863150
Movies/D/Deep Blue Sea (1999) BEQ Atmos.xml,1741664144,1742074073
Movies/D/Demon City (2025) BEQ DD+.xml,1741977495,1741977495
Movies/D/Den of Thieves 2- Pantera (2025) BEQ Atmos.xml,1741720749,1742052753
Movies/E/Eye for an Eye (2022) BEQ DD+.xml,1741707890,1742070553
Movies/F/From Black (2023) BEQ DTS-HD MA 5.1.xml,1742007372,1743130416
Movies/G/Ghosts of Mars (2001) BEQ DTS-HD MA 5.1.xml,1741726354,1742070971
Movies/H/Hellboy- The Crooked Man (2024) BEQ DTS-HD MA 5.1.xml,1741499741,1743196307
Movies/K/Kill Boksoon (2023) BEQ DD+ Atmos.xml,1741792067,1742927624
Movies/L/Levels (2024) BEQ DD+.xml,1741717363,1742071353
Movies/N/Nosferatu (2024) (Extended) BEQ Atmos.xml,1742010671,1743132494
Movies/R/Red One (2024) BEQ Atmos.xml,1741750257,1742518483
Movies/T/The Accountant (2016) BEQ DD+.xml,1741834453,1742066613
Movies/T/The Accountant (2016) BEQ DTS-HD MA 7.1.xml,1741837826,1741837826
Movies/T/The Electric State (2025) BEQ DD+ Atmos.xml,1741962940,1741962940
Movies/T/Things Will Be Different (2024) BEQ DTS-HD MA 5.1.xml,1741669672,1742069848
Movies/W/Wolf Man (2025) BEQ Atmos.xml,1741650090,1741650090
TV/M/Mayfair Witches (2023) BEQ DD+.xml,1741533116,1741533116
TV/T/The Irrational (2023) (Season Season 01) BEQ DD+.xml,1741797551,1741797551
Movies/T/The Parenting (2025) BEQ DD+ Atmos.xml,1742064901,1742064901
Movies/D/Die Alone (2024) BEQ DTS-HD MA 5.1.xml,1742140617,1742140617
TV/T/The Irrational (2023) (Season 01) BEQ DD+.xml,1742182146,1742182146
Movies/C/Companion (2025) BEQ DD+ Atmos.xml,1742231808,1742231808
TV/S/Severance (2022) (Season 01) BEQ DD+ Atmos.xml,1742239448,1742239448
TV/W/Wednesday (2022) (Season 01) BEQ DD+ Atmos.xml,1742245518,1742245518
Movies/L/La Brea (2021) (Season 01) BEQ DD+.xml,1742249606,1742249606
Movies/L/La Brea (2021) (Season 02) BEQ DD+.xml,1742252953,1742252953
Movies/L/La Brea (2021) (Season 03) BEQ DD+.xml,1742256327,1742256327
TV/L/La Brea (2021) (Season 01) BEQ DD+.xml,1742256520,1742256520
TV/L/La Brea (2021) (Season 02) BEQ DD+.xml,1742256520,1742256520
TV/L/La Brea (2021) (Season 03) BEQ DD+.xml,1742256520,1742256520
Movies/A/Argylle (2024) BEQ DD+ Atmos.xml,1742264386,1742264386
Movies/B/Bagman (2024) BEQ DD+ Atmos.xml,1742272813,1742311867
Movies/B/Back in Action (2025) BEQ DD+ Atmos.xml,1742311557,1742311557
Movies/L/Last Breath (2025) BEQ DD+ Atmos.xml,1742315977,1742315977
Movies/A/Alarum (2025) BEQ DD+ Atmos.xml,1742321423,1742321423
TV/A/Adolescence (2025) (Season 01) BEQ DD+ Atmos.xml,1742333619,1742333619
Movies/B/Breathe (2024) BEQ DTS-HD MA 5.1.xml,1742344715,1742344715
Movies/C/The Chosen One (2024) BEQ DD+.xml,1742355371,1742355371
Movies/C/Cellar Door (2024) BEQ DD+.xml,1742355980,1742355980
TV/T/The Penguin (2024) (Season 01) BEQ DD+ Atmos.xml,1742397507,1743092336
TV/A/American Horror Story (2011) BEQ DD 5.1.xml,1742427580,1742427580
TV/D/Devil in Ohio (2022) (Season 01) BEQ DD+ Atmos.xml,1742435533,1742435533
TV/A/American Horror Story (2011) (Season 05) BEQ DD+.xml,1742436853,1742436853
TV/T/True Detective (2014) (Season 04) BEQ DD+ Atmos.xml,1742440005,1742440005
TV/T/The Orville (2017) (Season 01) BEQ DD+.xml,1742443213,1742443213
TV/T/The Orville (2017) (Season 02) BEQ DD+.xml,1742445186,1742445186
TV/T/The Orville (2017) (Season 03) BEQ DD+.xml,1742447478,1742447478
TV/R/Raised by Wolves (2020) (Season 01) BEQ DD+ Atmos.xml,1742488696,1742489185
TV/R/Raised by Wolves (2020) (Season 02) BEQ DD+.xml,1742491306,1742491306
TV/V/Vikings- Valhalla (2020) (Season 01) BEQ DD+ Atmos.xml,1742499388,1742499388
TV/V/Vikings- Valhalla (2020) (Season 02) BEQ DD+ Atmos.xml,1742501774,1742501774
TV/V/Vikings- Valhalla (2020) (Season 03) BEQ DD+ Atmos.xml,1742512941,1742512941
TV/S/Severance (2022) (Season 02) BEQ DD+ Atmos.xml,1742526785,1742526785
Movies/R/Rich Flu (2025) BEQ DD+.xml,1742574340,1742574783
Movies/C/Constantine (2005) BEQ Atmos.xml,1742586883,1742586883
Movies/V/Venom (2018) BEQ Atmos.xml,1742601534,1744935616
Movies/V/Venom- Let There Be Carnage (2021) BEQ Atmos.xml,1742603171,1744935616
Movies/V/Venom- The Last Dance (2024) BEQ Atmos.xml,1742607369,1744935616
Movies/B/Boy Kills World (2024) BEQ Atmos.xml,1742611085,1742611085
Movies/S/Star Trek- Section 31 (2025) BEQ DD+.xml,1742613575,1742613575
Movies/S/Subservience (2024) BEQ DTS-HD MA 5.1.xml,1742616331,1742616331
Movies/T/The Beast Within (2024) BEQ DD+.xml,1742647144,1742647144
Movies/P/Presence (2025) BEQ DD+.xml,1742649754,1744757256
Movies/C/Cleaner (2025) BEQ DD+.xml,1742655100,1742655100
TV/D/Dark Winds (2022) (Season 02) BEQ DD+.xml,1742681133,1742681133
TV/D/Dark Winds (2022) (Season 01) BEQ DD+.xml,1742682926,1742682926
Movies/S/Star Wars- The Force Awakens (2015) BEQ Atmos.xml,1742689566,1742689566
Movies/S/Star Wars- The Last Jedi (2017) BEQ Atmos.xml,1742696939,1742696939
Movies/S/Star Wars- The Rise of Skywalker (2019) BEQ Atmos.xml,1742701439,1742701439
Movies/M/Megalopolis (2024) BEQ Atmos.xml,1742704899,1742704899
Movies/M/Mission- Impossible - Dead Reckoning Part One (2023) BEQ Atmos.xml,1742817567,1742817567
Movies/P/Pearl (2022) BEQ Atmos.xml,1742820243,1744756627
Movies/T/Terrifier (2016) BEQ DTS-HD MA 5.1.xml,1742824778,1742824778
Movies/D/Daylight (1996) BEQ Atmos.xml,1742860631,1742860631
Movies/T/Terrifier 2 (2022) BEQ DTS-HD MA 5.1.xml,1742868719,1742868719
Movies/T/Terrifier 3 (2024) BEQ Atmos.xml,1742876323,1742876323
Movies/W/WarHunt (2022) BEQ DTS-HD MA 5.1.xml,1742904949,1742904949
Movies/W/Werewolves (2024) BEQ DTS-HD MA 5.1.xml,1742906909,1742906909
Movies/W/Winnie-the-Pooh- Blood and Honey 2 (2024) BEQ DTS-HD MA 5.1.xml,1742909142,1742909142
Movies/I/I Saw the TV Glow (2024) BEQ DD+ Atmos.xml,1742922892,1742922892
Movies/K/Knock at the Cabin (2023) BEQ Atmos.xml,1742927082,1742928485
Movies/L/Late Night with the Devil (2024) BEQ DTS-HD MA 5.1.xml,1742932992,1742932992
Movies/O/Old Man (2022) BEQ DTS-HD MA 5.1.xml,1742935081,1742935081
Movies/O/Oddity (2024) BEQ DTS-HD MA 5.1.xml,1742943717,1742943717
Movies/L/Longlegs (2024) BEQ DTS-HD MA 5.1.xml,1742948779,1742948779
Movies/C/Companion (2025) BEQ Atmos.xml,1742959394,1742959394
TV/T/The Irrational (2023) (Season 02) BEQ DD+.xml,1742992641,1742992641
TV/S/School Spirits (2023) (Season 02) BEQ DD+.xml,1743038536,1743038536
TV/R/Reacher (2022) (Season 03) BEQ DD+ Atmos.xml,1743078109,1743078109
TV/T/The Penguin (2024) (Season 01) BEQ Atmos.xml,1743087513,1743088900
Movies/M/Mufasa- The Lion King (2024) BEQ Atmos.xml,1743105852,1743105852
Movies/D/Den of Thieves (2018) (Unrated) BEQ DTS-HD MA 5.1.xml,1743108277,1743108277
Movies/C/Canary Black (2024) BEQ DD+.xml,1743126177,1743126177
Movies/C/Civil War (2024) BEQ Atmos.xml,1743129942,1743129942
Movies/C/Code 8 (2019) BEQ DTS-HD MA 5.1.xml,1743170794,1743170794
Movies/C/Code 8 Part II (2024) BEQ DD+ Atmos.xml,1743172366,1743172366
Movies/D/Damsel (2024) BEQ DD+ Atmos.xml,1743180167,1743180167
Movies/H/The Hunchback of Notre Dame (1996) BEQ DTS-HD MA 5.1.xml,1743189517,1743189517
Movies/G/Gladiator II (2024) BEQ Atmos.xml,1743199197,1743199197
Movies/G/Godzilla vs. Kong (2021) BEQ Atmos.xml,1743201244,1743201244
Movies/G/Godzilla x Kong- The New Empire (2024) BEQ Atmos.xml,1743209984,1763573555
Movies/H/Heretic (2024) BEQ Atmos.xml,1743219600,1743219600
Movies/K/Kingdom of the Planet of the Apes (2024) BEQ Atmos.xml,1743221777,1743221777
Movies/G/Ghostbusters- Afterlife (2021) BEQ Atmos.xml,1743266017,1743266017
Movies/G/Ghostbusters- Frozen Empire (2024) BEQ Atmos.xml,1743267766,1743267766
Movies/I/Imaginary (2024) BEQ Atmos.xml,1743269683,1743269683
Movies/I/Immaculate (2024) BEQ DTS-HD MA 5.1.xml,1743272358,1743272358
Movies/J/Joker- Folie à Deux (2024) BEQ Atmos.xml,1743276375,1743280963
Movies/K/Kraven the Hunter (2024) BEQ Atmos.xml,1743311551,1743311551
Movies/T/Twilight of the Warriors- Walled In (2024) BEQ Atmos.xml,1743360189,1743360189
Movies/M/MaXXXine (2024) BEQ Atmos.xml,1743362603,1743362603
Movies/T/The Crow (2024) BEQ Atmos.xml,1743369968,1743369968
Movies/T/The Curse of the Necklace (2024) BEQ DD+ Atmos.xml,1743374327,1743374327
Movies/T/The Fall Guy (2024) BEQ Atmos.xml,1743376144,1743376144
Movies/T/The First Omen (2024) BEQ DD+ Atmos.xml,1743378020,1743378020
Movies/T/The Inheritance (2024) BEQ DD+.xml,1743381568,1743381568
Movies/T/The Bricklayer (2023) BEQ DTS-HD MA 5.1.xml,1743387590,1743387590
Movies/I/Infested (2023) BEQ DTS-HD MA 5.1.xml,1743389410,1743389410
Movies/C/Crawl (2019) BEQ DTS-HD MA 7.1.xml,1743427029,1743427029
Movies/A/Apartment 7A (2024) BEQ DD+ Atmos.xml,1743428251,1743428251
Movies/A/Atlas (2024) BEQ DD+ Atmos.xml,1743442401,1743442401
Movies/B/Blackwater Lane (2024) BEQ DD+.xml,1743444418,1743444418
Movies/B/Blink Twice (2024) BEQ DD+ Atmos.xml,1743446458,1743446458
Movies/C/Carved (2024) BEQ DD+.xml,1743453373,1743453373
Movies/C/Cult Killer (2024) BEQ DTS-HD MA 5.1.xml,1743455417,1743455417
Movies/D/Darkness of Man (2024) BEQ DTS-HD MA 5.1.xml,1743465457,1743465457
Movies/D/Don't Move (2024) BEQ DD+.xml,1743468726,1743468726
Movies/F/Fantasy Island (2020) (Unrated) BEQ DTS-HD MA 5.1.xml,1743472216,1743472216
Movies/A/Ant-Man (2015) BEQ Atmos.xml,1743558866,1743558866
Movies/A/Ant-Man and the Wasp- Quantumania (2023) BEQ Atmos.xml,1743561623,1743561623
Movies/A/Ant-Man and the Wasp (2018) BEQ Atmos.xml,1743567929,1743567929
Movies/B/Black Widow (2021) BEQ Atmos.xml,1743598120,1743598120
Movies/B/Black Bag (2025) BEQ DD+.xml,1743600402,1743600402
Movies/D/Dark Phoenix (2019) BEQ Atmos.xml,1743618406,1743618406
Movies/D/Doctor Strange in the Multiverse of Madness (2022) BEQ Atmos.xml,1743645807,1743645807
Movies/D/Doctor Strange (2016) BEQ Atmos.xml,1743647242,1743647242
Movies/E/Eternals (2021) BEQ Atmos.xml,1743650656,1743650656
Movies/G/Guardians of the Galaxy (2014) BEQ Atmos.xml,1743654456,1743654456
Movies/D/Dolittle (2020) BEQ Atmos.xml,1743655093,1743655093
Movies/G/Guardians of the Galaxy Vol. 2 (2017) BEQ Atmos.xml,1743698321,1743698321
Movies/G/Guardians of the Galaxy Vol. 3 (2023) BEQ Atmos.xml,1743702688,1745674099
Movies/L/The Lord of the Rings - The Fellowship of the Ring (2001) (Extended) BEQ Atmos.xml,1743705452,1743705452
Movies/L/The Lord of the Rings- The Two Towers (2002) (Extended) BEQ Atmos.xml,1743707459,1743707459
Movies/L/The Lord of the Rings- The Return of the King (2003) (Extended) BEQ Atmos.xml,1743709462,1743709462
Movies/T/The Monkey (2025) BEQ DD+.xml,1743717504,1743717504
Movies/T/The Hobbit- An Unexpected Journey (2012) BEQ Atmos.xml,1743728867,1743728867
Movies/T/The Hobbit- The Desolation of Smaug (2013) (Extended) BEQ Atmos.xml,1743730279,1743730279
Movies/T/The Hobbit- The Battle of the Five Armies (2014) (Extended) BEQ Atmos.xml,1743731305,1743731305
Movies/S/Shang-Chi and the Legend of the Ten Rings (2021) BEQ Atmos.xml,1743773838,1743773838
Movies/T/The Marvels (2023) BEQ Atmos.xml,1743775614,1745675335
Movies/T/The New Mutants (2020) BEQ Atmos.xml,1743778252,1743778252
Movies/F/Fog of War (2025) BEQ DD+.xml,1743789021,1743789021
Movies/F/Fear (2025) (Season 01) BEQ DD+.xml,1743791809,1743791809
Movies/T/Total Recall (2012) BEQ TrueHD 5.1.xml,1743807876,1743807876
Movies/T/The Shift (2023) BEQ DD+.xml,1743818092,1743818092
TV/H/House of the Dragon (2022) (Season 01) BEQ DD+ Atmos.xml,1743820519,1743820519
TV/H/House of the Dragon (2022) (Season 02) BEQ Atmos.xml,1743822010,1743822010
TV/T/The Wheel of Time (2021) (Season 01) BEQ DD+ Atmos.xml,1743823802,1743823802
TV/T/The Wheel of Time (2021) (Season 02) BEQ DD+ Atmos.xml,1743825048,1743825048
Movies/E/Elevation (2024) BEQ DTS-HD MA 5.1.xml,1743905956,1743905956
Movies/I/Invitation to a Murder (2023) BEQ DTS-HD MA 5.1.xml,1743907962,1743907962
Movies/M/Mickey 17 (2025) BEQ DD+ Atmos.xml,1743909578,1743909578
Movies/T/The Mouse Trap (2024) BEQ DTS-HD MA 5.1.xml,1743912936,1743912936
Movies/M/Moana 2 (2024) BEQ DD+ Atmos.xml,1743957837,1743957837
Movies/#/300 (2006) BEQ Atmos.xml,1743965664,1743965664
Movies/A/A Haunting in Venice (2023) BEQ DD+ Atmos.xml,1743967041,1743967041
Movies/A/Alien- Romulus (2024) BEQ Atmos.xml,1743974637,1743974637
Movies/A/Angel Has Fallen (2019) BEQ Atmos.xml,1743983651,1743983651
Movies/A/Angels & Demons (2009) BEQ Atmos.xml,1743986492,1743986492
Movies/A/Art of Eight Limbs (2024) BEQ DD+.xml,1743988406,1743988406
Movies/A/Assassin's Creed (2026) BEQ Atmos.xml,1743992924,1743992924
Movies/A/Asteroid City (2023) BEQ DD+ Atmos.xml,1743994745,1743994745
Movies/B/Beauty and the Beast (1991) BEQ DTS-HD MA 7.1.xml,1744030242,1744030242
Movies/A/Avatar- The Way of Water (2022) BEQ Atmos.xml,1744041771,1744041771
Movies/A/Avatar (2009) BEQ Atmos.xml,1744043758,1744043758
Movies/B/Babylon (2022) BEQ Atmos.xml,1744047432,1744047432
TV/T/The Bondsman (2025) (Season 01) BEQ DD+.xml,1744050920,1744050920
Movies/B/Barbie (2023) BEQ Atmos.xml,1744060097,1744060097
Movies/B/Blacklight (2022) BEQ DTS-HD MA 5.1.xml,1744062249,1744062249
Movies/B/Blackout (2022) BEQ DTS-HD MA 5.1.xml,1744064504,1744064504
Movies/B/Beetlejuice Beetlejuice (2024) BEQ Atmos.xml,1744066318,1744066318
Movies/B/Blade Runner (1982) BEQ Atmos.xml,1744068154,1744068154
Movies/B/Blade Runner 2049 (2017) BEQ Atmos.xml,1744070064,1744070064
Movies/B/Borderlands (2024) BEQ Atmos.xml,1744072393,1744072393
Movies/B/Boss Level (2021) BEQ DTS-HD MA 5.1.xml,1744073986,1744073986
Movies/B/Brawl in Cell Block 99 (2017) BEQ DTS-HD MA 5.1.xml,1744075233,1744075233
Movies/B/Bubba Ho-tep (2002) BEQ DTS-HD MA 5.1.xml,1744077186,1744077186
Movies/B/Bullet Train (2022) BEQ Atmos.xml,1744079035,1744079035
Movies/C/Candy Cane Lane (2023) BEQ DD+ Atmos.xml,1744080276,1744080276
Movies/I/In the Lost Lands (2025) BEQ DD+.xml,1744120976,1744120976
Movies/N/Novocaine (2025) BEQ DD+ Atmos.xml,1744133189,1744133189
Movies/C/Chappie (2015) BEQ Atmos.xml,1744134737,1744134737
Movies/C/Contagion (2011) BEQ DTS-HD MA 5.1.xml,1744137047,1744137047
Movies/C/Crater (2023) BEQ DD+ Atmos.xml,1744138241,1744138241
Movies/C/Crimes of the Future (2022) BEQ DTS-HD MA 5.1.xml,1744140105,1744140105
Movies/C/Criminal (2016) BEQ DTS-HD MA 5.1.xml,1744141863,1744141863
Movies/D/Death on the Nile (2022) BEQ Atmos.xml,1744143116,1744143116
Movies/D/Deep Water (2022) BEQ DD+.xml,1744145547,1744145547
Movies/D/Doomsday (2008) BEQ DTS-HD MA 5.1.xml,1744146827,1744146827
Movies/D/Downhill (2020) BEQ DTS-HD MA 5.1.xml,1744149029,1744149029
Movies/D/Dune (2021) BEQ Atmos.xml,1744151604,1744151604
Movies/D/Dune- Part Two (2024) BEQ Atmos.xml,1744152915,1744152915
Movies/S/Silent Zone (2025) BEQ DTS-HD MA 5.1.xml,1744159886,1744159886
Movies/H/Heart Eyes (2025) BEQ DD+ Atmos.xml,1744161974,1744210021
Movies/D/Dungeons & Dragons- Honor Among Thieves (2023) BEQ Atmos.xml,1744207222,1744207222
Movies/D/Dunkirk (2017) BEQ DTS-HD MA 5.1.xml,1744213506,1744213506
Movies/E/Edge of Tomorrow (2014) BEQ Atmos.xml,1744220832,1744220832
Movies/E/Elysium (2013) BEQ DD+.xml,1744223875,1744223875
Movies/E/Elysium (2013) BEQ Atmos.xml,1744224233,1744224233
Movies/E/Enola Holmes (2020) BEQ DD+ Atmos.xml,1744228501,1744228501
Movies/E/Enola Holmes 2 (2022) BEQ DD+ Atmos.xml,1744229428,1745073826
Movies/H/Henry Danger- The Movie (2025) BEQ DD+ Atmos.xml,1744230751,1744230751
Movies/A/Abigail (2024) BEQ Atmos.xml,1744325127,1744325127
Movies/F/Follow Me (2020) BEQ DTS-HD MA 5.1.xml,1744328582,1744328582
Movies/G/G20 (2025) BEQ DD+ Atmos.xml,1744331876,1744331876
Movies/A/Afraid (2024) BEQ DD+ Atmos.xml,1744428386,1744428386
Movies/A/Animal World (2018) BEQ DD+.xml,1744431780,1744457535
Movies/T/The Assessment (2025) BEQ DD+.xml,1744473545,1744473545
Movies/B/Baghead (2024) BEQ DD+.xml,1744520093,1744520093
Movies/B/Batman v Superman- Dawn of Justice (2016) BEQ Atmos.xml,1744552927,1744552927
Movies/B/Birds of Prey (and the Fantabulous Emancipation of One Harley Quinn) (2020) BEQ Atmos.xml,1744554080,1744554080
Movies/B/Batman v Superman- Dawn of Justice (2016) (IMAX) BEQ Atmos.xml,1744554526,1744554526
Movies/C/Children of the Corn (2020) BEQ DD+.xml,1744556145,1744559705
Movies/C/Cobweb (2023) BEQ DTS-HD MA 5.1.xml,1744561700,1744561700
Movies/E/Exhuma (2024) BEQ Atmos.xml,1744562728,1744562728
Movies/G/Godzilla Minus One (2023) BEQ Atmos.xml,1744564075,1744564307
TV/Y/Yu Yu Hakusho (2023) BEQ DD+ Atmos.xml,1744565539,1744565539
TV/G/Gen V (2023) (Season 01) BEQ DD+.xml,1744572564,1744572564
TV/Y/Yu Yu Hakusho (2023) (Season 01) BEQ DD+ Atmos.xml,1744572910,1744573138
TV/T/The Acolyte (2024) BEQ DD+ Atmos.xml,1744585838,1744585838
TV/W/Wayward Pines (2015) (Season 01) BEQ DD+.xml,1744588329,1744588329
TV/W/Wayward Pines (2015) (Season 02) BEQ DD+.xml,1744590584,1744590584
TV/M/Masters of the Air (2024) (Season 01) BEQ DD+ Atmos.xml,1744591745,1744591745
TV/I/Invasion (2021) (Season 01) BEQ DD+ Atmos.xml,1744593694,1744593694
TV/T/The Acolyte (2024) (Season 01) BEQ DD+ Atmos.xml,1744594153,1744594153
TV/I/Invasion (2021) (Season 02) BEQ DD+ Atmos.xml,1744596022,1744596022
Movies/T/The Alto Knights (2025) BEQ DD+ Atmos.xml,1744602970,1744602970
Movies/H/Harry Potter and the Philosopher's Stone (2001) BEQ DTS-X.xml,1744646514,1744646514
Movies/H/Harry Potter and the Chamber of Secrets (2002) BEQ DTS-X.xml,1744648166,1744648166
Movies/H/Harry Potter and the Prisoner of Azkaban (2004) BEQ DTS-X.xml,1744649181,1744649181
Movies/H/Harry Potter and the Goblet of Fire (2005) BEQ DTS-X.xml,1744650431,1744650431
Movies/H/Harry Potter and the Order of the Phoenix (2007) BEQ DTS-X.xml,1744655396,1744655396
Movies/H/Harry Potter and the Half-Blood Prince (2009) BEQ DTS-X.xml,1744657489,1744657489
Movies/H/Harry Potter and the Deathly Hallows- Part 1 (2010) BEQ DTS-X.xml,1744658938,1744658938
Movies/H/Harry Potter and the Deathly Hallows- Part 2 (2010) BEQ DTS-X.xml,1744659995,1744659995
Movies/J/John Wick (2014) BEQ Atmos.xml,1744672479,1744672479
Movies/J/John Wick- Chapter 2 (2017) BEQ Atmos.xml,1744673799,1744673799
Movies/J/John Wick- Chapter 3 - Parabellum (2019) BEQ Atmos.xml,1744675057,1744675057
Movies/J/John Wick- Chapter 4 (2023) BEQ Atmos.xml,1744676147,1744676147
Movies/C/Captain America- Brave New World (2025) BEQ DD+ Atmos.xml,1744685776,1744685776
Movies/T/The Traveler (2010) BEQ DTS-HD MA 5.1.xml,1744687718,1744687718
TV/M/Murdoch Mysteries (2008) (Season 18) BEQ DD+.xml,1744725088,1744725088
Movies/T/The Woman in the Yard (2025) BEQ DD+ Atmos.xml,1744733858,1744733858
Movies/K/Knuckle Girl (2023) BEQ DD+.xml,1744737920,1744737920
Movies/O/Officer Black Belt (2024) BEQ DD+ Atmos.xml,1744741277,1744741277
Movies/A/A Working Man (2025) BEQ DD+ Atmos.xml,1744752684,1744752684
Movies/A/Popular Theory (2024) BEQ DTS-HD MA 5.1.xml,1744755118,1744755118
Movies/P/Popular Theory (2024) BEQ DTS-HD MA 5.1.xml,1744755318,1744755318
Movies/P/Prey (2022) BEQ Atmos.xml,1744758624,1744758624
Movies/P/Prisoners of the Ghostland (2021) BEQ DD 5.1.xml,1744776826,1744776826
Movies/R/Red Right Hand (2024) BEQ DD+.xml,1744810208,1744810208
Movies/R/Run (2020) BEQ DTS-HD MA 5.1.xml,1744812115,1744812115
Movies/S/Salem's Lot (2024) BEQ DD+ Atmos.xml,1744832172,1744832172
Movies/S/Shadow (2018) BEQ Atmos.xml,1744834867,1744834867
Movies/S/Shazam! (2019) BEQ Atmos.xml,1744846193,1744846193
Movies/S/Shazam! Fury of the Gods (2023) BEQ Atmos.xml,1744848023,1744848023
Movies/T/Thanksgiving (2023) BEQ Atmos.xml,1744850031,1744850031
Movies/T/The Expendables (2010) BEQ Atmos.xml,1744864315,1744864315
TV/T/The Wheel of Time (2021) (Season 03) BEQ DD+ Atmos.xml,1744900356,1744900356
Movies/T/The Expendables 2 (2012) BEQ Atmos.xml,1744903360,1744903360
Movies/T/The Expendables 3 (2014) BEQ Atmos.xml,1744904455,1744904455
Movies/E/Expend4bles (2023) BEQ Atmos.xml,1744906001,1744909470
Movies/T/The Flash (2023) BEQ Atmos.xml,1744911310,1744911310
Movies/T/The Killer (2023) BEQ DD+.xml,1744912591,1744912591
TV/T/The Pitt (2025) (Season 01) BEQ DD+.xml,1744917702,1744917702
Movies/T/The Platform 2 (2024) BEQ DD+ Atmos.xml,1744925900,1744925900
Movies/T/The Three Musketeers- D'Artagnan (2023) BEQ Atmos.xml,1744927146,1744927146
Movies/T/Trap (2024) BEQ Atmos.xml,1744928803,1744928803
Movies/U/Uprising (2024) BEQ DD+ Atmos.xml,1744930873,1744930873
Movies/V/Vindicta (2023) BEQ DD+.xml,1744932742,1744932742
TV/V/Vikings- Valhalla (2022) (Season 01) BEQ DD+ Atmos.xml,1744939029,1744939029
TV/V/Vikings- Valhalla (2022) (Season 02) BEQ DD+ Atmos.xml,1744939029,1744939029
TV/V/Vikings- Valhalla (2022) (Season 03) BEQ DD+ Atmos.xml,1744939029,1744939029
Movies/T/The Deliverance (2024) BEQ DD+ Atmos.xml,1744944911,1744944911
TV/R/Ransom Canyon (2025) (Season 01) BEQ DD+ Atmos.xml,1745032079,1745032079
TV/D/Daredevil - Born Again (2025) (Season 01) BEQ DD+ Atmos.xml,1745072475,1745072475
Movies/#/57 Seconds (2023) BEQ DD+.xml,1745076624,1745076624
Movies/A/After.Life (2009) BEQ DD+.xml,1745078746,1745671611
Movies/A/Aladdin (2019) BEQ Atmos.xml,1745080017,1745080017
Movies/A/Alita- Battle Angel (2019) BEQ Atmos.xml,1745082260,1745082260
Movies/A/Anna (2019) BEQ Atmos.xml,1745085723,1745085723
Movies/A/Argo (2012) BEQ DTS-HD MA 5.1.xml,1745087734,1745087734
Movies/B/Bad Santa (2003) BEQ DD+.xml,1745098726,1745672030
Movies/B/Bad Times at the El Royale (2018) BEQ Atmos.xml,1745101104,1745102998
Movies/B/Beetlejuice (1988) BEQ Atmos.xml,1745103343,1745103343
Movies/B/Bloodshot (2020) BEQ Atmos.xml,1745104629,1745104629
Movies/B/Bone Tomahawk (2015) BEQ DD+.xml,1745105445,1745105445
Movies/B/Boston Strangler (2023) BEQ DD+ Atmos.xml,1745106409,1745106409
Movies/D/Demolition Man (1993) BEQ Atmos.xml,1745108617,1745108617
Movies/F/Fantastic Beasts- The Secrets of Dumbledore (2022) BEQ Atmos.xml,1745109632,1745109632
Movies/F/Fantastic Beasts and Where to Find Them (2016) BEQ Atmos.xml,1745110820,1745110820
Movies/F/Fantastic Beasts- The Crimes of Grindelwald (2018) BEQ Atmos.xml,1745111874,1745111874
TV/T/The Rig (2023) (Season 02) BEQ DD+.xml,1745114963,1745114963
TV/T/The Rig (2023) (Season 01) BEQ DD+.xml,1745115987,1745115987
Movies/F/Free Guy (2021) BEQ Atmos.xml,1745155148,1745155148
Movies/I/In the Land of Saints and Sinners (2023) BEQ DTS-HD MA 5.1.xml,1745156200,1745156200
Movies/I/Inception (2010) BEQ DTS-HD MA 5.1.xml,1745157025,1745157025
Movies/I/Interstellar (2014) BEQ DTS-HD MA 5.1.xml,1745157864,1745157864
Movies/K/Kandahar (2023) BEQ DTS-HD MA 5.1.xml,1745158873,1745158873
Movies/M/My Spy (2020) BEQ DTS-HD MA 5.1.xml,1745160519,1745160519
Movies/O/Oppenheimer (2023) BEQ DTS-HD MA 5.1.xml,1745161704,1745161704
Movies/P/Parker (2013) BEQ DD 5.1.xml,1745165584,1745165584
Movies/S/Silent Night (2021) BEQ DTS-HD MA 5.1.xml,1745166786,1745166786
Movies/T/Teen Wolf- The Movie (2023) BEQ DD+.xml,1745169531,1745169531
Movies/T/The Killer's Game (2024) BEQ Atmos.xml,1745170494,1745170494
Movies/T/The Northman (2022) BEQ Atmos.xml,1745172066,1745172066
Movies/T/The Old Guard (2020) BEQ DD+ Atmos.xml,1745173733,1745173733
Movies/T/The Woman King (2023) BEQ Atmos.xml,1745202351,1745202351
Movies/T/Twisters (2024) BEQ Atmos.xml,1745203380,1745203380
Movies/Z/Zone 414 (2021) BEQ DD+.xml,1745204761,1745204761
Movies/T/The Order (2024) BEQ DTS-HD MA 5.1.xml,1745206103,1745206103
Movies/T/The Three Musketeers- Milady (2023) BEQ Atmos.xml,1745210428,1745210428
Movies/T/The Hunt (2020) BEQ Atmos.xml,1745259171,1745259171
Movies/S/Sonic the Hedgehog 3 (2024) BEQ Atmos.xml,1745277061,1750870747
TV/M/Matlock (2025) (Season 01) BEQ DD+.xml,1745362387,1745362387
TV/#/3 Body Problem (2024) (Season 01) BEQ DD+ Atmos.xml,1745363378,1745363378
TV/A/A Thousand Blows (2025) (Season 01) BEQ DD+ Atmos.xml,1745364672,1745364672
TV/G/Grotesquerie (2024) (Season 01) BEQ DD+.xml,1745366952,1745366952
TV/G/Gyeongseong Creature (2023) (Season 01) BEQ DD+ Atmos.xml,1745368215,1745368215
TV/G/Gyeongseong Creature (2023) (Season 02) BEQ DD+ Atmos.xml,1745369385,1745369385
Movies/A/Ash (2025) BEQ DD+.xml,1745406200,1745406200
TV/G/Game of Thrones (2011) (Season 01) BEQ DD+ Atmos.xml,1745425247,1745425247
TV/G/Game of Thrones (2011) (Season 02) BEQ DD+ Atmos.xml,1745426191,1745426191
TV/G/Game of Thrones (2011) (Season 03) BEQ DD+ Atmos.xml,1745428071,1745428071
TV/G/Game of Thrones (2011) (Season 04) BEQ DD+ Atmos.xml,1745429039,1745429039
TV/G/Game of Thrones (2011) (Season 05) BEQ DD+ Atmos.xml,1745435647,1745435647
TV/G/Game of Thrones (2011) (Season 06) BEQ DD+ Atmos.xml,1745437172,1745437172
TV/G/Game of Thrones (2011) (Season 07) BEQ DD+ Atmos.xml,1745442831,1745442831
TV/G/Game of Thrones (2011) (Season 08) BEQ DD+ Atmos.xml,1745445094,1745445094
TV/D/Marvel's Daredevil (2015) (Season 01) BEQ DD+.xml,1745455708,1745455708
TV/D/Marvel's Daredevil (2015) (Season 02) BEQ DD+.xml,1745457256,1745674865
TV/D/Marvel's Daredevil (2015) (Season 03) BEQ DD+ Atmos.xml,1745458408,1745458408
Movies/L/Locked (2025) BEQ DD+.xml,1745503338,1745503338
Movies/O/Overlord (2018) BEQ Atmos.xml,1745506173,1758739660
Movies/E/Elemental (2023) BEQ Atmos.xml,1745513249,1745513249
Movies/E/Evil Dead Rise (2023) BEQ Atmos.xml,1745515535,1745515535
Movies/T/The Winchesters (2022) (Season 01) BEQ DD+.xml,1745518152,1745518152
TV/Z/Zero Day (2025) (Season 01) BEQ DD+ Atmos.xml,1745523220,1745523220
Movies/A/All Quiet on the Western Front (2022) BEQ Atmos.xml,1745545848,1745545848
Movies/H/Hostel (2006) (Unrated) BEQ DTS-HD MA 5.1.xml,1745547944,1745547944
Movies/H/Hostel- Part II (2007) (Unrated) BEQ DTS-HD MA 5.1.xml,1745550379,1745550379
Movies/H/Hostel- Part III (2011) (Unrated) BEQ DTS-HD MA 5.1.xml,1745551832,1745551832
Movies/M/Madame Web (2024) BEQ Atmos.xml,1745553689,1745553689
Movies/R/Rebel Moon - Part One- A Child of Fire (2023) (Director's Cut) BEQ Atmos.xml,1745556162,1745556162
Movies/R/Rebel Moon - Part Two- The Scargiver (2024) (Director's Cut) BEQ Atmos.xml,1745558770,1745558770
Movies/T/The Hunger Games- The Ballad of Songbirds & Snakes (2023) BEQ Atmos.xml,1745560347,1745591410
Movies/B/Bad Boys- Ride or Die (2024) BEQ Atmos.xml,1745606724,1745622771
Movies/B/Better Man (2024) BEQ Atmos.xml,1745609205,1745623208
Movies/F/Furiosa- A Mad Max Saga (2024) BEQ Atmos.xml,1745613582,1745621886
Movies/T/The Hurt Locker (2008) BEQ Atmos.xml,1745615409,1745615409
Movies/T/Transformers One (2024) BEQ Atmos.xml,1745618545,1745618545
Movies/U/Upgrade (2018) BEQ DTS-HD MA 5.1.xml,1745621423,1745621423
Movies/Y/You Were Never Really Here (2017) BEQ DTS-HD MA 5.1.xml,1745624575,1745624575
Movies/T/The Life Aquatic with Steve Zissou (2004) BEQ DTS-HD MA 5.1.xml,1745671611,1745671611
Movies/A/Abraham Lincoln- Vampire Hunter (2012) BEQ DTS-HD MA 7.1.xml,1745681962,1745681962
Movies/B/Baby Oopsie (2021) BEQ DD 5.1.xml,1745687594,1745687594
Movies/C/Chronicle (2012) (Director's Cut) BEQ DTS-HD MA 5.1.xml,1745688825,1745688825
Movies/F/Fly Me to the Moon (2024) BEQ DD+ Atmos.xml,1745707065,1745707065
Movies/F/Freaky Tales (2024) BEQ DD+.xml,1745708371,1745708371
Movies/K/Krampus (2015) BEQ Atmos.xml,1745709929,1745709929
Movies/S/Sting (2024) BEQ DTS-HD MA 5.1.xml,1745711379,1745711379
Movies/B/Blitz (2024) BEQ DD+ Atmos.xml,1745781991,1745781991
Movies/C/Climax (2018) BEQ DD 5.1.xml,1745785567,1745785567
Movies/H/Havoc (2025) BEQ DD+ Atmos.xml,1745787178,1745787178
Movies/H/Horizon- An American Saga - Chapter 1 (2024) BEQ Atmos.xml,1745788762,1745788762
Movies/M/MadS (2024) BEQ DTS-HD MA 5.1.xml,1745790005,1745790005
Movies/W/Wolfs (2024) BEQ DD+ Atmos.xml,1745791242,1745791242
Movies/G/Green Lantern (2011) (Extended) BEQ DTS-HD MA 5.1.xml,1745792394,1745792394
Movies/G/Greenland (2020) BEQ DTS-HD MA 5.1.xml,1745794606,1745794606
TV/T/The Mandalorian (2019) (Season 01) BEQ DD+ Atmos.xml,1745866972,1745866972
TV/T/The Mandalorian (2019) (Season 02) BEQ DD+ Atmos.xml,1745881722,1745881722
TV/T/The Mandalorian (2019) (Season 03) BEQ DD+ Atmos.xml,1745882994,1745882994
Movies/#/65 (2023) BEQ DD+.xml,1745888852,1745888852
Movies/A/Accident Man- Hitman's Holiday (2022) BEQ DD 5.1.xml,1745890567,1745890567
Movies/A/Alienoid (2022) BEQ DD+.xml,1745893174,1745893174
Movies/A/Alienoid- Return to the Future (2024) BEQ Atmos.xml,1745894198,1745894198
TV/I/Interview with the Vampire (2022) (Season 01) BEQ DD+.xml,1745896572,1745896572
TV/I/Interview with the Vampire (2022) (Season 02) BEQ DD+.xml,1745898950,1745898950
Movies/B/Battleship (2012) BEQ DTS-X.xml,1745905340,1745905340
Movies/D/Drop (2025) BEQ DD+ Atmos.xml,1745944362,1745944362
Movies/D/Death of a Unicorn (2025) BEQ DD+ Atmos.xml,1745945209,1745945209
Movies/N/Neighborhood Watch (2025) BEQ DD+.xml,1745946707,1745946707
Movies/T/The Family Plan (2023) BEQ DD+ Atmos.xml,1745948599,1745948599
Movies/B/Beverly Hills Cop- Axel F (2024) BEQ DD+ Atmos.xml,1745949842,1745949842
Movies/C/Come True (2021) BEQ DTS-HD MA 5.1.xml,1745951408,1745951408
Movies/B/Below (2002) BEQ DTS-HD MA 5.1.xml,1745958703,1745958703
Movies/B/Blitz (2011) BEQ DD+.xml,1745960265,1745960265
Movies/B/Blue Beetle (2023) BEQ Atmos.xml,1745962139,1745962139
Movies/C/Creation of the Gods I- Kingdom of Storms (2023) BEQ DTS-HD MA 5.1.xml,1745964591,1745964591
Movies/C/Creation of the Gods I- Kingdom of Storms (2023) BEQ TrueHD 5.1.xml,1745966164,1745966164
TV/B/Beacon 23 (2023) (Season 01) BEQ DD+.xml,1745967766,1745967766
TV/B/Beacon 23 (2023) (Season 02) BEQ DD+.xml,1745969202,1745969202
TV/C/Castle Rock (2018) (Season 01) BEQ DD+.xml,1745971244,1745971244
TV/C/Castle Rock (2018) (Season 02) BEQ DD+.xml,1745972271,1745972271
TV/G/Goosebumps (2023) (Season 01) BEQ DD+ Atmos.xml,1746016445,1746016445
TV/G/Goosebumps (2023) (Season 02) BEQ DD+ Atmos.xml,1746017545,1746017545
TV/P/Parasyte- The Grey (2024) (Season 01) BEQ DD+ Atmos.xml,1746019432,1746019432
TV/H/House of Ninjas (2024) (Season 01) BEQ DD+ Atmos.xml,1746021193,1746021193
TV/O/Obliterated (2023) (Season 01) BEQ DD+ Atmos.xml,1746026511,1746026511
Movies/A/Alarum (2025) BEQ DTS-HD MA 5.1.xml,1746040837,1746040837
Movies/A/Alarum (2025) BEQ DD+.xml,1746041397,1746041397
TV/K/KAOS (2024) BEQ DD+ Atmos.xml,1746045600,1746045600
TV/K/KAOS (2024) (Season 01) BEQ DD+ Atmos.xml,1746046498,1746046498
Movies/I/iHostage (2025) BEQ DD+ Atmos.xml,1746070297,1746073533
Movies/B/Bullet Train Explosion (2025) BEQ DD+ Atmos.xml,1746073898,1746073898
Movies/#/65 (2023) BEQ Atmos.xml,1746108035,1746108035
Movies/F/Fear the Night (2023) BEQ DTS-HD MA 5.1.xml,1746109201,1746109201
Movies/K/Knights of the Zodiac (2023) BEQ DD+ Atmos.xml,1746110569,1746114722
Movies/A/Another Simple Favor (2025) BEQ DD+ Atmos.xml,1746116271,1746117274
Movies/O/One of Them Days (2025) BEQ DTS-HD MA 5.1.xml,1746132676,1746132676
Movies/J/The Jack in the Box Rises (2024) BEQ DTS-HD MA 5.1.xml,1746149101,1746149101
Movies/F/Foe (2023) BEQ DD+ Atmos.xml,1746191482,1746191482
Movies/H/Haunted Mansion (2023) BEQ DTS-HD MA 7.1.xml,1746192767,1746192767
Movies/L/Lisa Frankenstein (2024) BEQ DTS-HD MA 5.1.xml,1746194533,1746194533
Movies/N/Night Swim (2024) BEQ DTS-HD MA 5.1.xml,1746198504,1746198504
Movies/O/One-Percenter (2023) BEQ DTS-HD MA 5.1.xml,1746201987,1746201987
Movies/T/The Meg (2018) BEQ Atmos.xml,1746213969,1746213969
Movies/M/Meg 2- The Trench (2023) BEQ Atmos.xml,1746216903,1746216903
Movies/R/ROB1N (2025) BEQ DD+.xml,1746221835,1746221835
Movies/S/Sakra (2023) BEQ Atmos.xml,1746243794,1746244166
Movies/I/Infinity Pool (2023) BEQ DTS-HD MA 5.1.xml,1746309108,1746309108
Movies/I/It's a Wonderful Knife (2023) BEQ DD+.xml,1746311125,1746311125
Movies/O/Oracle (2023) BEQ DD+.xml,1746312446,1746312446
Movies/I/Indiana Jones and the Dial of Destiny (2023) BEQ Atmos.xml,1746317425,1746317425
Movies/I/Indiana Jones and the Dial of Destiny (2023) BEQ DD+ Atmos.xml,1746318565,1746318565
Movies/T/The Last Duel (2021) BEQ Atmos.xml,1746330066,1746330066
Movies/R/Reign of Assassins (2010) BEQ DD+.xml,1746332013,1746332013
Movies/T/The Deep House (2021) BEQ Atmos.xml,1746333899,1746333899
Movies/R/Rumble Through the Dark (2023) BEQ DTS-HD MA 5.1.xml,1746365730,1746365730
Movies/R/Rumble Through the Dark (2023) BEQ DD+.xml,1746366988,1746366988
Movies/T/Those Who Wish Me Dead (2021) BEQ DTS-HD MA 5.1.xml,1746368109,1746368109
Movies/T/Those Who Wish Me Dead (2022) BEQ DD+.xml,1746369887,1746369887
Movies/T/The Equalizer 3 (2023) BEQ Atmos.xml,1746404935,1746404935
Movies/T/The Last Voyage of the Demeter (2023) BEQ Atmos.xml,1746404935,1746404935
Movies/T/The Soul Eater (2024) BEQ DTS-HD MA 5.1.xml,1746404935,1746404935
Movies/T/Triangle of Sadness (2023) BEQ Atmos.xml,1746404935,1746404935
TV/L/The Lord of the Rings- The Rings of Power (2022) (Season 01) BEQ DD+ Atmos.xml,1746404935,1746404935
TV/L/The Lord of the Rings- The Rings of Power (2022) (Season 02) BEQ DD+ Atmos.xml,1746404935,1746404935
TV/S/Squid Game (2021) (Season 01) BEQ DD+ Atmos.xml,1746404935,1746404935
TV/S/Squid Game (2021) (Season 02) BEQ DD+ Atmos.xml,1746404935,1746404935
TV/M/Mayfair Witches (2023) (Season 02) BEQ DD+.xml,1746410321,1746410321
TV/M/Mayfair Witches (2023) (Season 01) BEQ DD+.xml,1746449127,1746449127
TV/H/High Potential (2024) (Season 01) BEQ DD+.xml,1746454519,1746454519
TV/B/Black Doves (2024) (Season 01) BEQ DD+ Atmos.xml,1746456087,1746456087
TV/I/Into the Badlands (2015) (Season 01) BEQ DD+.xml,1746470226,1746470226
TV/I/Into the Badlands (2015) (Season 02) BEQ DD+.xml,1746470226,1746470226
TV/I/Into the Badlands (2015) (Season 03) BEQ DD+.xml,1746470226,1746470226
TV/T/The Agency- Central Intelligence (2024) (Season 01) BEQ DD+.xml,1746478378,1746478378
TV/T/The Brothers Sun (2023) (Season 01) BEQ DD+ Atmos.xml,1746479877,1746479877
Movies/B/Bridget Jones- Mad About the Boy (2025) BEQ Atmos.xml,1746503395,1746503395
Movies/W/Warfare (2025) BEQ DD+ Atmos.xml,1746549010,1746549010
Movies/S/Scream (1996) BEQ DTS-HD MA 5.1.xml,1746577307,1746577307
Movies/S/Scream (2022) BEQ DD+ Atmos.xml,1746577307,1746577307
Movies/S/Scream (2022) BEQ DTS-HD MA 7.1.xml,1746577307,1746577307
Movies/S/Scream 3 (2000) BEQ DTS-HD MA 5.1.xml,1746577307,1746577307
Movies/S/Scream 4 (2011) BEQ DTS-HD MA 5.1.xml,1746577307,1746577307
Movies/S/Scream VI (2023) BEQ Atmos.xml,1746577307,1746577307
TV/T/The Boys (2019) (Season 01) BEQ DD+.xml,1746577307,1746577307
TV/T/The Boys (2019) (Season 02) BEQ DD+.xml,1746577307,1746577307
TV/T/The Boys (2019) (Season 03) BEQ DD+.xml,1746577307,1746577307
TV/T/The Boys (2019) (Season 04) BEQ DD+.xml,1746577307,1746577307
Movies/T/Timecop (1994) BEQ DTS-HD MA 5.1.xml,1746602152,1746634573
TV/C/Constellation (2024) (Season 01) BEQ DD+ Atmos.xml,1746644537,1746644537
TV/D/Dark Matter (2024) (Season 01) BEQ DD+ Atmos.xml,1746645777,1746645777
TV/F/Foundation (2022) (Season 01) BEQ DD+ Atmos.xml,1746661633,1746661633
TV/F/Foundation (2022) (Season 02) BEQ DD+ Atmos.xml,1746663115,1746663115
TV/H/Halo (2022) (Season 01) BEQ DD+ Atmos.xml,1746706279,1746706279
TV/H/Halo (2022) (Season 02) BEQ DD+ Atmos.xml,1746707397,1746707397
TV/H/Hysteria! (2024) (Season 01) BEQ DD+.xml,1746708522,1746708522
TV/P/Percy Jackson and the Olympians (2023) (Season 01) BEQ DD+ Atmos.xml,1746710002,1746710002
TV/T/The Book of Boba Fett (2021) (Season 01) BEQ DD+ Atmos.xml,1746711772,1746711772
Movies/B/Black Bag (2025) BEQ TrueHD 5.1.xml,1746811675,1746811675
Movies/M/Mickey 17 (2025) BEQ Atmos.xml,1746886047,1746886047
Movies/B/Bill & Ted Face the Music (2020) BEQ DTS-HD MA 5.1.xml,1746887154,1746887154
Movies/T/The Ugly Stepsister (2025) BEQ DD+.xml,1746888652,1746889057
TV/T/The Ugly Stepsister (2025) BEQ DD+.xml,1746888732,1746888732
Movies/F/Fury (2014) BEQ Atmos.xml,1746890184,1746890184
Movies/C/Captain America- Brave New World (2025) BEQ Atmos.xml,1746895839,1746895839
Movies/S/Snowpiercer (2013) BEQ Atmos.xml,1746973389,1746973389
Movies/T/The Neon Demon (2016) BEQ DTS-HD MA 5.1.xml,1746990519,1746990519
Movies/F/Fight Club (1999) BEQ DTS-HD MA 5.1.xml,1747060302,1747060302
Movies/F/Flight Risk (2025) BEQ DD+ Atmos.xml,1747061448,1747061448
Movies/L/Let Us Prey (2014) BEQ DTS-HD MA 5.1.xml,1747067536,1747067536
Movies/T/The Wild Robot (2024) BEQ Atmos.xml,1747071326,1747071326
Movies/L/Looper (2012) BEQ Atmos.xml,1747072469,1747072469
Movies/S/Sudden Death (1995) BEQ DTS-HD MA 5.1.xml,1747100149,1747100149
Movies/A/A Minecraft Movie (2025) BEQ DD+.xml,1747112521,1747112521
Movies/S/Snow White (2025) BEQ DD+ Atmos.xml,1747114235,1747160489
TV/A/Andor (2022) (Season 02) BEQ DD+ Atmos.xml,1747189268,1747189268
Movies/Y/Yellow Submarine (1968) BEQ DTS-HD MA 5.1.xml,1747192040,1747192040
TV/A/Andor (2022) (Season 01) BEQ DD+ Atmos.xml,1747196038,1747196038
Movies/M/Mouseboat Massacre (2025) BEQ DD+.xml,1747271749,1747271749
Movies/T/The Warrior's Way (2010) BEQ DTS-HD MA 5.1.xml,1747274811,1747274811
Movies/R/Revenge of the Boogeyman (2025) BEQ DD+.xml,1747276111,1747276111
"TV/L/Love, Death & Robots (2019) (Season 04) BEQ DD+ Atmos.xml",1747334090,1747334090
"TV/L/Love, Death & Robots (2019) (Season 01) BEQ DD+ Atmos.xml",1747340564,1747340564
"TV/L/Love, Death & Robots (2019) (Season 02) BEQ DD+ Atmos.xml",1747340564,1747340564
"TV/L/Love, Death & Robots (2019) (Season 03) BEQ DD+ Atmos.xml",1747340564,1747340564
"Movies/A/As Above, So Below (2014) BEQ DTS-HD MA 7.1.xml",1747365139,1747365139
Movies/P/Presence (2024) BEQ Atmos.xml,1747407864,1747407864
Movies/H/Holland (2025) BEQ DD+ Atmos.xml,1747450439,1747497744
Movies/L/Holland (2025) BEQ Atmos.xml,1747452136,1747452136
Movies/T/The Beekeeper (2024) BEQ Atmos.xml,1747455128,1747455128
Movies/L/Love Hurts (2025) BEQ Atmos.xml,1747498128,1747498128
Movies/#/13 Assassins (2010) BEQ DTS-HD MA 5.1.xml,1747499272,1747499272
Movies/H/House on Haunted Hill (1999) BEQ DTS-HD MA 5.1.xml,1747521641,1747521641
Movies/S/Stuber (2019) BEQ Atmos.xml,1747581615,1747581615
Movies/S/Son (2021) BEQ DTS-HD MA 5.1.xml,1747622519,1747622519
Movies/T/The Legend of Ochi (2025) BEQ DD+ Atmos.xml,1747750301,1747750301
Movies/B/Blade of the 47 Ronin (2022) BEQ DTS-HD MA 5.1.xml,1747784999,1747784999
Movies/T/The Assassin (2015) BEQ DTS-HD MA 5.1.xml,1747786465,1747786465
Movies/U/Until the End of the World (1991) (Directors Cut) BEQ DTS-HD MA 5.1.xml,1747854967,1747870511
Movies/B/Breakwater (2023) BEQ DTS-HD MA 5.1.xml,1747862412,1747862412
Movies/S/Slither (2006) BEQ DTS-HD MA 5.1.xml,1747864371,1747864371
Movies/F/Flight Risk (2025) BEQ Atmos.xml,1747964610,1747964610
Movies/D/Don't Move (2024) BEQ DD+ Atmos.xml,1747966321,1747966321
Movies/F/Fear Street- Prom Queen (2025) BEQ DD+ Atmos.xml,1748008572,1748008572
Movies/F/Fountain of Youth (2025) BEQ DD+ Atmos.xml,1748012367,1748012367
Movies/M/Mom and Dad (2017) BEQ DTS-HD MA 5.1.xml,1748015546,1748015546
Movies/U/Until Dawn (2025) BEQ DD+ Atmos.xml,1748021690,1748021690
TV/C/Cassandra (2025) (Season 01) BEQ DD+ Atmos.xml,1748028426,1748028426
Movies/T/The Little Mermaid (2023) BEQ Atmos.xml,1748055396,1748055396
Movies/T/The Surrender (2025) BEQ DD+.xml,1748093664,1748093664
TV/K/Krypton (2018) (Season 01) BEQ DD+.xml,1748128229,1748128229
TV/K/Krypton (2018) (Season 02) BEQ DD+.xml,1748129664,1748129664
Movies/K/Kingdom of Heaven (2005) (Directors Cut Roadshow Version) BEQ Atmos.xml,1748142876,1748142876
Movies/A/A Creature Was Stirring (2023) BEQ DD+.xml,1748224362,1748224362
TV/P/Poker Face (2023) (Season 01) BEQ DD+.xml,1748224438,1748224438
TV/S/Sleepy Hollow (2013) (Season 01) BEQ DD+.xml,1748224515,1748224515
TV/S/Sleepy Hollow (2013) (Season 02) BEQ DD 5.1.xml,1748224515,1748224515
TV/S/Sleepy Hollow (2013) (Season 03) BEQ DD+.xml,1748224515,1748224515
TV/S/Sleepy Hollow (2013) (Season 04) BEQ DD+.xml,1748224515,1748224515
TV/T/The ABC Murders (2019) (Season 01) BEQ DD+.xml,1748224299,1748224299
TV/T/The Last of Us (2023) (Season 02) BEQ DD+ Atmos.xml,1748368591,1748368591
TV/T/The Last of Us (2023) (Season 01) BEQ DD+ Atmos.xml,1748369265,1748369265
Movies/H/Home Sweet Home- Rebirth (2025) BEQ DD+.xml,1748375341,1748375341
Movies/T/The Woman in the Yard (2025) BEQ Atmos.xml,1748444988,1748444988
Movies/P/Peter Pan's Neverland Nightmare (2025) BEQ DTS-HD MA 5.1.xml,1748455944,1748455944
Movies/R/Riff Raff (2024) BEQ DTS-HD MA 5.1.xml,1748458147,1748458147
Movies/T/The Lodge (2019) BEQ DTS-HD MA 5.1.xml,1748556084,1748556084
Movies/S/Shadow Force (2025) BEQ DD+ Atmos.xml,1748617532,1748617532
Movies/T/The Imaginarium of Doctor Parnassus (2009) BEQ DTS-HD MA 5.1.xml,1748652806,1748652806
TV/M/MobLand (2025) (Season 01) BEQ DD+ Atmos.xml,1748783808,1748783808
Movies/S/Sinners (2025) BEQ DD+ Atmos.xml,1748792372,1748792372
TV/M/MobLand (2025) (Season 01) BEQ DD+.xml,1748793093,1748793093
Movies/Z/Zathura- A Space Adventure (2005) BEQ DTS-HD MA 5.1.xml,1748967978,1748967978
Movies/T/The Accountant² (2025) BEQ DD+ Atmos.xml,1749127669,1749127669
Movies/D/Drop (2025) BEQ Atmos.xml,1749129736,1749129736
Movies/T/The Death That Awaits (2024) BEQ DTS-HD MA 5.1.xml,1749131704,1749131704
Movies/A/A Working Man (2025) BEQ Atmos.xml,1749134353,1749134353
TV/H/Harry Wild (2022) (Season 04) BEQ DD+.xml,1749226841,1749226841
Movies/H/Hurry Up Tomorrow (2025) BEQ DD+ Atmos.xml,1749232607,1749232607
TV/M/Mercy for None (2025) (Season 01) BEQ DD+ Atmos.xml,1749236175,1749236175
TV/A/Age of Samurai- Battle for Japan (2021) (Season 01) BEQ DD+.xml,1749313786,1749313786
Movies/L/LOLA (2022) BEQ DTS-HD MA 5.1.xml,1749315955,1749315955
Movies/F/Fear Below (2025) BEQ DTS-HD MA 5.1.xml,1749330932,1749330932
Movies/O/Operation Fortune- Ruse de Guerre (2023) BEQ Atmos.xml,1749472355,1749472355
Movies/T/The Amateur (2025) BEQ DD+ Atmos.xml,1749507682,1749509910
TV/L/Landman (2024) (Season 01) BEQ DD+.xml,1749568216,1749568216
Movies/C/Clown in a Cornfield (2025) BEQ DD+.xml,1749572338,1749572338
Movies/B/Bleeding (2024) BEQ DD+.xml,1749577040,1749577040
Movies/D/Don't Worry Darling (2022) BEQ Atmos.xml,1749578652,1749578652
Movies/A/A Legend (2024) BEQ DTS-HD MA 5.1.xml,1749592627,1749592910
Movies/A/A Writer's Odyssey (2021) BEQ Atmos.xml,1749594764,1749594764
Movies/S/Space Sweepers (2021) BEQ DD+ Atmos.xml,1749597188,1749597188
Movies/T/The Myth (2005) BEQ DD 5.1.xml,1749602394,1749602394
Movies/C/Courage Under Fire (1996) BEQ DTS-HD MA 5.1.xml,1749660786,1749660786
TV/S/Sirens (2025) (Season 01) BEQ DD+ Atmos.xml,1749682527,1749682527
TV/S/Sirens (2025) (Season 01) (Netflix) BEQ DD+ Atmos.xml,1749684061,1749684061
TV/F/FUBAR (2023) (Season 02) BEQ DD+ Atmos.xml,1749737410,1749737410
TV/F/FUBAR (2023) (Season 01) BEQ DD+ Atmos.xml,1749763203,1749763203
Movies/D/Deep Cover (2025) BEQ DD+.xml,1749764710,1749764710
Movies/D/Dark City (1998) (Directors Cut) BEQ Atmos.xml,1749768017,1749768017
Movies/N/Ninja- Shadow of a Tear (2013) BEQ TrueHD 5.1.xml,1749819184,1749819184
Movies/P/Paradise (2023) BEQ DD+ Atmos.xml,1749822547,1749822547
Movies/R/RE-BORN (2016) BEQ DTS-HD MA 5.1.xml,1749823958,1749823958
Movies/S/Shock Wave (2017) BEQ Atmos.xml,1749825484,1749825484
Movies/S/Shock Wave 2 (2017) BEQ Atmos.xml,1749826676,1749826676
Movies/S/Shock Wave 2 (2020) BEQ Atmos.xml,1749826968,1749826968
Movies/J/Jurassic Park III (2001) BEQ Atmos.xml,1749909893,1749909893
Movies/J/Jurassic Park (1993) BEQ Atmos.xml,1749911191,1749911191
Movies/T/The Town (2010) BEQ DTS-HD MA 5.1.xml,1749924134,1749924134
Movies/F/Final Destination Bloodlines (2025) BEQ DD+.xml,1749939606,1749939606
Movies/T/The Great Wall (2016) BEQ Atmos.xml,1749949127,1749949127
Movies/T/The Assassin (2023) BEQ DTS-HD MA 5.1.xml,1749953451,1749953451
Movies/T/The White Haired Witch of Lunar Kingdom (2014) BEQ DD+.xml,1749955535,1749955535
TV/T/The Visitor from the Future (2022) BEQ DTS-HD MA 5.1.xml,1749957051,1749957051
TV/T/The Man from Nowhere (2010) BEQ DTS-HD MA 5.1.xml,1749958474,1749958474
Movies/T/The Banshees of Inisherin (2022) BEQ DD+.xml,1749997843,1749997843
TV/H/Hitler and the Nazis- Evil on Trial (2024) (Season 01) BEQ DD+ Atmos.xml,1750092315,1750092315
Movies/F/Final Destination Bloodlines (2025) BEQ DD+ Atmos.xml,1750133528,1750133528
Movies/U/Until the End of the World (1991) TEST BEQ DTS-HD MA 5.1.xml,1750257438,1750257438
Movies/U/Until the End of the World (1991) BEQ 2 DTS-HD MA 5.1.xml,1750262623,1750262623
Movies/M/Marshmallow (2025) BEQ DD+.xml,1750304660,1750304660
Movies/P/Predator- Killer of Killers (2025) BEQ DD+ Atmos.xml,1750307418,1750307418
Movies/I/In the Lost Lands (2025) BEQ Atmos.xml,1750360822,1750360822
Movies/N/Novocaine (2025) BEQ Atmos.xml,1750363828,1750363828
Movies/A/A Minecraft Movie (2025) BEQ Atmos.xml,1750383771,1750383771
Movies/T/The Lost World- Jurassic Park (1997) BEQ Atmos.xml,1750386015,1750386015
Movies/T/The Monkey (2025) BEQ DTS-HD MA 5.1.xml,1750389208,1750389208
TV/S/Sherlock & Daughter (2025) (Season 01) BEQ DD+.xml,1750473668,1750473668
Movies/T/The Day the Earth Blew Up- A Looney Tunes Movie (2024) BEQ DD 5.1.xml,1750613050,1750613050
Movies/G/Gods of Egypt (2016) BEQ DTS-X.xml,1750688223,1750688223
Movies/C/Curse of Crom- The Legend of Halloween (2022) BEQ DD+.xml,1750697991,1750697991
Movies/S/Sonic the Hedgehog (2020) BEQ Atmos.xml,1750867992,1750867992
Movies/S/Sonic the Hedgehog 2 (2022) BEQ Atmos.xml,1750872910,1750872910
TV/P/Poker Face (2023) (Season 02) BEQ DD+.xml,1750947538,1752151277
TV/C/Carnival Row (2019) (Season 01) BEQ DD+ Atmos.xml,1750950655,1750950655
TV/C/Carnival Row (2019) (Season 02) BEQ DD+ Atmos.xml,1750952806,1750952806
TV/W/Warrior (2019) (Season 01) BEQ DD+.xml,1750957566,1750957566
TV/W/Warrior (2019) (Season 02) BEQ DD+.xml,1750959894,1750959894
TV/W/Warrior (2019) (Season 03) BEQ DD+.xml,1750961104,1750961104
TV/S/Squid Game (2021) (Season 03) (Netflix) BEQ DD+ Atmos.xml,1751012973,1751012973
Movies/#/11 Rebels (2024) BEQ Atmos.xml,1751066917,1751066917
TV/D/Dept. Q (2025) (Season 01) BEQ DD+ Atmos.xml,1751117663,1751117663
TV/T/The Waterfront (2025) (Season 01) BEQ DD+ Atmos.xml,1751130038,1751130038
Movies/D/Despicable Me 4 (2025) (Netflix) BEQ DD+ Atmos.xml,1751139744,1751139744
TV/T/The Sandman (2022) BEQ DD+.xml,1751162905,1751162905
TV/T/The Sandman (2022) (Season 01) BEQ DD+ Atmos.xml,1751163591,1751163591
TV/T/The Sandman (2022) (Season 01) BEQ DD+.xml,1751164398,1751164398
Movies/W/Warfare (2025) BEQ Atmos.xml,1751231485,1751231485
Movies/I/It Feeds (2025) BEQ DD+.xml,1751233328,1751233328
Movies/T/The Amateur (2025) BEQ Atmos.xml,1751243872,1751243872
Movies/O/Off the Grid (2025) BEQ DD+.xml,1751297525,1751297525
Movies/E/Echo Valley (2025) BEQ DD+.xml,1751299598,1751299598
Movies/A/Alexander (2004) (Revisited-The Final Cut) BEQ Atmos.xml,1751303256,1751303256
Movies/D/Deepwater Horizon (2015) BEQ Atmos.xml,1751304881,1751304881
Movies/T/Thunderbolts (2025) BEQ DD+ Atmos.xml,1751307309,1751307309
Movies/T/The Ritual (2025) BEQ DD+.xml,1751310263,1751310263
Movies/U/Until Dawn (2025) BEQ Atmos.xml,1751331308,1751331308
Movies/S/Sinners (2025) BEQ Atmos.xml,1751336042,1751336042
TV/C/Cobra Kai (2018) (Season 06) BEQ DD+.xml,1751337748,1751337748
Movies/B/Ballerina (2025) BEQ DD+.xml,1751347098,1751347098
Movies/B/Ballerina (2025) BEQ DD+ Atmos.xml,1751351206,1751351206
Movies/B/Bring Her Back (2025) BEQ DD+ Atmos.xml,1751385971,1751385971
Movies/D/Death of a Unicorn (2025) BEQ Atmos.xml,1751389841,1751389841
Movies/T/The Magnificent Seven (2016) BEQ Atmos.xml,1751392496,1751392496
TV/I/Ironheart (2025) BEQ DD+ Atmos.xml,1751420935,1751420935
Movies/T/The Dark and the Wicked (2020) BEQ DTS-HD MA 5.1.xml,1751422916,1751422916
Movies/T/The Old Guard 2 (2025) BEQ DD+ Atmos.xml,1751462050,1751462050
Movies/H/Heads of State (2025) BEQ DD+ Atmos.xml,1751508252,1751508252
Movies/T/The Sound (2025) BEQ DD+.xml,1751511009,1751511009
Movies/L/Lethal Weapon (1987) (Directors Cut) BEQ Atmos.xml,1751512978,1751512978
Movies/M/Maleficent (2014) BEQ Atmos.xml,1751514174,1751514174
Movies/M/Maleficent- Mistress of Evil (2019) BEQ Atmos.xml,1751515912,1751515912
Movies/A/Annihilation (2018) BEQ DD+.xml,1751558444,1751558444
Movies/I/Inglourious Basterds (2009) BEQ DTS-HD MA 5.1.xml,1751560358,1751560358
Movies/M/Mulan (2020) BEQ Atmos.xml,1751563366,1751563366
Movies/R/Robin Hood (2010) (Directors Cut) BEQ DTS-X.xml,1751564431,1751564431
Movies/T/The Nice Guys (2016) BEQ Atmos.xml,1751565463,1751565463
Movies/P/Pirates of the Caribbean- The Curse of the Black Pearl (2003) BEQ Atmos.xml,1751585592,1751585592
Movies/T/The Maze Runner (2014) BEQ DTS-HD MA 5.1.xml,1751640472,1751640472
Movies/M/Maze Runner- The Scorch Trials (2015) BEQ DTS-HD MA 7.1.xml,1751641236,1751641236
Movies/M/Maze Runner- The Death Cure (2018) BEQ Atmos.xml,1751642057,1751642057
Movies/P/Pirates of the Caribbean- Dead Man's Chest (2006) BEQ Atmos.xml,1751647091,1751647091
Movies/P/Pirates of the Caribbean- At World's End (2007) BEQ Atmos.xml,1751648881,1751648881
Movies/P/Pirates of the Caribbean- On Stranger Tides (2011) BEQ Atmos.xml,1751649571,1751649571
Movies/P/Pirates of the Caribbean- Dead Men Tell No Tales (2017) BEQ Atmos.xml,1751650443,1751650443
Movies/T/The Sorcerer and the White Snake (2011) BEQ DTS-HD MA 5.1.xml,1751730217,1751730217
Movies/T/The Rule of Jenny Pen (2025) BEQ DD+.xml,1751733839,1751733839
Movies/D/Dora and the Search for Sol Dorado (2025) BEQ DD+.xml,1751762615,1751762615
Movies/J/JFK (1991) (Director's Cut) BEQ DTS-HD MA 5.1.xml,1751768899,1751768899
Movies/O/Oblivion (2013) (Amazon) BEQ DD+.xml,1751843242,1751843242
Movies/T/The Unholy Trinity (2025) BEQ DD+.xml,1751984347,1751984347
Movies/K/Karate Kid- Legends (2025) BEQ DD+.xml,1751985783,1751985783
TV/C/Criminal Minds (2005) (Season 18) BEQ DD+ Atmos.xml,1752154022,1752154022
TV/M/Murderbot (2025) (Season 01) BEQ DD+ Atmos.xml,1752240792,1752240792
Movies/S/Se7en (1995) BEQ DTS-HD MA 5.1.xml,1752268890,1752268890
Movies/B/Brick (2025) BEQ DD+ Atmos.xml,1752273598,1752305317
Movies/B/BloodRayne (2005) BEQ DTS-HD MA 5.1.xml,1752445377,1752445377
Movies/C/Cuckoo (2024) BEQ DD+.xml,1752449980,1752449980
Movies/D/Dampyr (2022) BEQ DD+.xml,1752451239,1752451239
Movies/F/Final Destination Bloodlines (2025) BEQ Atmos.xml,1752530800,1752530800
Movies/E/Eden (2025) BEQ DTS-HD MA 5.1.xml,1752586930,1752586930
Movies/C/Cuckoo (2024) BEQ DTS-HD MA 5.1.xml,1752592067,1752592067
Movies/H/How to Train Your Dragon (2025) BEQ DD+ Atmos.xml,1752680923,1752680923
Movies/M/M3GAN 2.0 (2025) BEQ DD+ Atmos.xml,1752682540,1752682540
Movies/M/M3GAN (2022) (Unrated) BEQ Atmos.xml,1752683601,1752683601
Movies/D/Dark Web- Cicada 3301 (2021) BEQ DTS-HD MA 5.1.xml,1752700998,1752700998
Movies/H/Hell House LLC Origins- The Carmichael Manor (2023) BEQ DD+.xml,1752702195,1752702195
Movies/H/Hold Your Breath (2024) BEQ DD+.xml,1752703077,1752703077
Movies/I/It Follows (2014) BEQ Atmos.xml,1752704653,1752704653
Movies/W/When Evil Lurks (2024) BEQ DTS-HD MA 5.1.xml,1752723898,1752723898
Movies/W/When Evil Lurks (2023) BEQ DTS-HD MA 5.1.xml,1752725109,1752725109
TV/U/UNTAMED (2025) (Season 01) BEQ DD+ Atmos.xml,1752760045,1752760045
Movies/T/Tag (2018) BEQ DTS-HD MA 5.1.xml,1752785273,1752785273
Movies/J/Jurassic World (2022) (Extended) BEQ DTS-X.xml,1752895876,1752895876
Movies/J/Jurassic World- Fallen Kingdom (2018) BEQ DTS-X.xml,1752897207,1752897207
Movies/J/Jurassic World (2015) BEQ Atmos.xml,1752897998,1752897998
Movies/J/Jurassic World Dominion (2022) (Extended) BEQ DTS-X.xml,1752899830,1752899830
Movies/N/Nefarious (2023) BEQ DD+.xml,1752933452,1752933452
Movies/O/Orphan (2009) BEQ DTS-HD MA 5.1.xml,1752938113,1752938113
Movies/P/Possessor (2020) BEQ Atmos.xml,1752938979,1752938979
Movies/S/Suitable Flesh (2023) BEQ DTS-HD MA 5.1.xml,1752939715,1752939715
Movies/T/The Limehouse Golem (2016) BEQ DTS-HD MA 5.1.xml,1752940892,1752940892
Movies/T/The Offering (2022) BEQ DD+.xml,1752941694,1752941694
Movies/T/The Portrait (2023) BEQ DD+.xml,1752942914,1752942914
Movies/T/Thunderbolts (2025) BEQ DTS-HD MA 7.1.xml,1752960877,1752960877
Movies/B/Bride Hard (2025) BEQ DD+.xml,1753115486,1753115486
Movies/I/In Time (2011) BEQ DTS-HD MA 5.1.xml,1753136011,1753136011
Movies/I/I Will Never Leave You Alone (2023) BEQ DTS-HD MA 5.1.xml,1753137134,1753137134
Movies/T/Thunderbolts (2025) BEQ Atmos.xml,1753140331,1753140331
Movies/L/Lilo & Stitch (2025) BEQ DD+ Atmos.xml,1753142161,1753142161
Movies/R/Rust (2025) BEQ DTS-HD MA 5.1.xml,1753144429,1753144429
Movies/A/Ash (2025) BEQ DTS-HD MA 5.1.xml,1753149041,1753149041
Movies/X/xXx- Return of Xander Cage (2017) BEQ Atmos.xml,1753211169,1753211169
Movies/G/Ghost Killer (2025) BEQ DD+.xml,1753214337,1753214337
Movies/G/Ghost Killer (2024) BEQ DD+.xml,1753214839,1753215193
Movies/U/Unfriended- Dark Web (2018) BEQ DTS-HD MA 5.1.xml,1753216891,1753216891
Movies/T/The Legend of Ochi (2025) BEQ Atmos.xml,1753229861,1753229861
TV/T/The Sandman (2022) (Season 02) BEQ DD+ Atmos.xml,1753363300,1754049607
Movies/S/Sleeping Dogs (2024) BEQ DTS-HD MA 5.1.xml,1753542014,1753542014
Movies/S/Sleeping Dogs (2024) BEQ DD+.xml,1753554131,1753554131
Movies/L/Land of Bad (2024) BEQ DTS-HD MA 5.1.xml,1753555397,1753555397
Movies/T/The Watchers (2023) BEQ Atmos.xml,1753556736,1753556736
Movies/O/Osiris (2025) BEQ DD+.xml,1753627479,1753627479
TV/C/Colossal (2017) BEQ DTS-HD MA 5.1.xml,1753641235,1753641235
Movies/T/The Dogs (2025) BEQ DD+.xml,1753719913,1753719913
Movies/M/My Super Ex-Girlfriend (2006) BEQ DD+.xml,1753730333,1753730333
Movies/U/Uglies (2024) BEQ DD+ Atmos.xml,1753731770,1753731770
Movies/S/Sixty Minutes (2024) BEQ DD+ Atmos.xml,1753732751,1753732751
TV/H/Hell Motel (2025) (Season 01) BEQ DD+.xml,1753756998,1753756998
Movies/#/28 Years Later (2025) BEQ DD+ Atmos.xml,1753791631,1753792545
Movies/#/28 Weeks Later (2007) BEQ DTS-HD MA 5.1.xml,1753793562,1753793562
Movies/T/The Power (2021) BEQ DD+.xml,1753801698,1753801698
Movies/H/Happy Gilmore 2 (2025) BEQ DD+ Atmos.xml,1753821407,1753821407
Movies/T/The Life of Chuck (2024) BEQ DD+.xml,1754049607,1754049607
Movies/J/Juror #2 (2024) BEQ DD+.xml,1754097871,1754097871
Movies/T/The Puppetman (2023) BEQ DD+.xml,1754100014,1754100014
Movies/M/Master and Commander- The Far Side of the World (2003) BEQ Atmos.xml,1754154182,1754154182
Movies/T/The Little Things (2021) BEQ Atmos.xml,1754156380,1754156380
TV/T/The Colour of Magic (2008) (Season 01) BEQ DTS-HD MA 5.1.xml,1754241472,1754241472
Movies/T/The House Bunny (2008) BEQ TrueHD 5.1.xml,1754319923,1754319923
Movies/T/The Accountant² (2025) BEQ Atmos.xml,1754353857,1754353857
Movies/J/Jurassic World Rebirth (2025) BEQ DD+ Atmos.xml,1754373251,1754373251
Movies/W/War of the Worlds (2025) BEQ DD+ Atmos.xml,1754440009,1754440009
TV/W/Wednesday (2022) (Season 02) BEQ DD+ Atmos.xml,1754481030,1754788498
Movies/T/The Pickup (2025) BEQ DD+ Atmos.xml,1754495732,1754495732
Movies/G/Greenland (2020) BEQ Atmos.xml,1754497094,1754497094
Movies/F/Final Destination (2000) (HBOMax) BEQ DD+.xml,1754518989,1754518989
Movies/F/Final Destination 2 (2003) (HBOMax) BEQ DD+.xml,1754521534,1754521534
Movies/F/Final Destination 3 (2006) (HBOMax) BEQ DD+.xml,1754523269,1754524396
Movies/F/Final Destination 5 (2011) (HBOMax) BEQ DD+.xml,1754525498,1754525498
Movies/T/The Final Destination (2009) (HBOMax) BEQ DD+.xml,1754526915,1754526915
TV/S/SEC Football- Any Given Saturday (2025) (Season 01) BEQ DD+ Atmos.xml,1754567337,1754567337
TV/T/The Librarians- The Next Chapter (2025) BEQ DD+.xml,1754613060,1754613060
Movies/H/How to Train Your Dragon (2025) (IMAX) BEQ Atmos.xml,1754616974,1754616974
Movies/A/Abraham's Boys- A Dracula Story (2025) BEQ DD+.xml,1754618536,1754618536
Movies/T/The Last GunFight (2025) BEQ DD+.xml,1754619669,1754619669
Movies/B/Black Mountain Side (2015) BEQ DD+.xml,1754662143,1754662143
Movies/T/The Damned (2024) BEQ DD+.xml,1754699690,1754699690
Movies/T/The Sacrifice Game (2023) BEQ DD+.xml,1754785876,1754785876
Movies/E/Eddington (2025) BEQ DD+ Atmos.xml,1755025576,1755025576
TV/K/Kill Me Love Me (2024) (Season 01) BEQ DD+ Atmos.xml,1755047006,1755047006
TV/K/Kill Me Love Me (2024) (Season 01 -- Episodes  17-32) BEQ DD+ Atmos.xml,1755048783,1755048783
TV/K/Kill Me Love Me (2024) (Season 01 -- Episodes  01-32) BEQ DD+ Atmos.xml,1755050010,1755050010
TV/K/Kill Me Love Me (2024) (Season 01 -- Episodes 1-16) BEQ DD+ Atmos.xml,1755051118,1755051118
Movies/F/Fixed (2025) BEQ DD+ Atmos.xml,1755085784,1755085784
Movies/T/The Sixth Secret (2022) BEQ DD+.xml,1755171814,1755171814
TV/K/Kill Me Love Me (2024) (Season 01 -- Episodes 01-16) BEQ DD+.xml,1755172795,1755172795
TV/K/Kill Me Love Me (2024) (Season 01 -- Episodes 17-32) BEQ DD+.xml,1755173208,1755173208
TV/T/The Toll (2020) BEQ DTS-HD MA 5.1.xml,1755174531,1755174531
Movies/L/Lilo & Stitch (2025) BEQ Atmos.xml,1755218853,1755218853
Movies/T/The Prosecutor (2024) BEQ Atmos.xml,1755221547,1755221547
Movies/S/Superman (2025) BEQ DD+ Atmos.xml,1755275290,1755275290
Movies/T/Time Cut (2024) BEQ DD+ Atmos.xml,1755276812,1755276812
Movies/T/Two Witches (2022) BEQ DTS-HD MA 5.1.xml,1755278446,1755278446
Movies/U/Unwelcome (2023) BEQ DTS-HD MA 5.1.xml,1755279827,1755279827
Movies/V/Beyond (2024) BEQ DD+.xml,1755280847,1755280847
Movies/V/85 (2023) BEQ DD+.xml,1755282657,1755282657
Movies/D/Descendent (2025) BEQ DD+.xml,1755308813,1755308813
TV/S/Stranger Things (2016) (Season 01) BEQ TrueHD 5.1.xml,1755351835,1755351835
Movies/T/The Texas Chain Saw Massacre (1974) BEQ Atmos.xml,1755376585,1755376585
Movies/M/Mission- Impossible - The Final Reckoning (2025) (IMAX) BEQ DD+ Atmos.xml,1755445112,1755445112
Movies/M/Mission- Impossible - The Final Reckoning (2025) BEQ DD+ Atmos.xml,1755449403,1755449403
Movies/C/Chaos (2005) BEQ DTS-HD MA 7.1.xml,1755530783,1755530783
Movies/E/Elio (2025) BEQ DD+ 7.1.xml,1755553797,1755554822
Movies/T/The Bad Guys 2 (2025) BEQ DD+ Atmos.xml,1755609032,1755609032
Movies/K/Karate Kid- Legends (2025) BEQ DD+ Atmos.xml,1755612095,1755612095
TV/F/Fallout (2024) (Season 01) BEQ Atmos.xml,1755633848,1755633848
TV/S/Stranger Things (2016) (Season 02) BEQ DD+.xml,1755725898,1755725898
TV/S/Stranger Things (2016) (Season 03) BEQ DD+.xml,1755737239,1755737239
TV/S/Stranger Things (2016) (Season 04) BEQ DD+ Atmos.xml,1755739227,1755739227
Movies/C/Coneheads (1993) (UHD) BEQ DTS-HD MA 5.1.xml,1755785780,1755785780
Movies/H/Hallow Road (2025) BEQ DD+.xml,1755796933,1755796933
Movies/K/Karate Kid- Legends (2025) BEQ Atmos.xml,1755798497,1755798497
Movies/F/F1 (2025) BEQ DD+ Atmos.xml,1755819201,1755819201
Movies/W/Werewolves Within (2021) BEQ DD+.xml,1755821106,1755821106
Movies/N/Night Always Comes (2025) BEQ DD+ Atmos.xml,1755893788,1755893788
Movies/S/Sky Captain and the World of Tomorrow (2004) BEQ DTS-HD MA 5.1.xml,1755896059,1755896059
Movies/T/The Conjuring (2023) (UHD) BEQ DTS-HD MA 5.1.xml,1755898371,1755898371
Movies/W/Wrongful Death (2023) BEQ DTS-HD MA 5.1.xml,1755899205,1755899205
Movies/Y/You'll Never Find Me (2023) BEQ DTS-HD MA 5.1.xml,1755901531,1755901531
Movies/Y/You're Next (2011) BEQ DTS-HD MA 5.1.xml,1755965594,1755965594
Movies/B/Bring Her Back (2025) BEQ Atmos.xml,1755995461,1755998575
TV/T/The Institute (2025) (Season 01) BEQ DD+.xml,1756058044,1756058044
Movies/L/Lost in Space (1998) (UHD) BEQ DTS-HD MA 5.1.xml,1756062556,1756062556
Movies/T/The Master and Margarita (2024) BEQ DTS-HD MA 5.1.xml,1756064415,1756064415
TV/U/Upload (2020) (Season 04) BEQ DD+.xml,1756131116,1756131116
TV/U/Upload (2020) (Season 02) BEQ DD+.xml,1756141563,1756141563
TV/U/Upload (2020) (Season 01) BEQ DD+.xml,1756142357,1756142357
TV/U/Upload (2020) (Season 03) BEQ DD+.xml,1756143433,1756143433
TV/F/Fringe (2008) (Season 01) BEQ DD 5.1.xml,1756160464,1756160464
Movies/B/Ballerina (2025) BEQ Atmos.xml,1756171752,1756171752
Movies/I/I Know What You Did Last Summer (2025) BEQ DD+ Atmos.xml,1756218571,1756218571
Movies/H/How to Train Your Dragon (2025) BEQ Atmos.xml,1756223309,1756223309
Movies/T/Together (2025) BEQ DD+.xml,1756238777,1756238777
TV/K/Knuckles (2024) (Season 01) BEQ Atmos.xml,1756305122,1756305122
Movies/T/The Thursday Murder Club (2025) (Netflix) BEQ DD+ Atmos.xml,1756394140,1756394140
Movies/C/Cleaner (2025) BEQ DTS-HD MA 5.1.xml,1756415249,1756415249
Movies/C/Casper (1995) BEQ Atmos.xml,1756498158,1756498158
Movies/L/Last Straw (2023) BEQ DTS-HD MA 5.1.xml,1756737274,1756737274
TV/F/Fringe (2008) (Season 02) BEQ DD 5.1.xml,1756738164,1756738164
TV/F/Fringe (2008) (Season 03) BEQ DD 5.1.xml,1756738816,1756738816
TV/F/Fringe (2008) (Season 04) BEQ DD 5.1.xml,1756740947,1756740947
TV/F/Fringe (2008) (Season 05) BEQ DD 5.1.xml,1756741172,1756741172
Movies/N/Nobody 2 (2025) BEQ DD+ Atmos.xml,1756827776,1756827776
Movies/T/The Naked Gun (2025) BEQ DD+ Atmos.xml,1756829424,1756829424
Movies/J/Jurassic World Rebirth (2025) BEQ Atmos.xml,1756866582,1756867005
TV/W/Wednesday (2022) (Season 02) (Netflix) BEQ DD+ Atmos.xml,1756898794,1756898794
Movies/T/They Call Her Death (2024) BEQ DTS-HD MA 5.1.xml,1757169062,1757169062
Movies/D/Dear Santa (2024) BEQ DD+ Atmos.xml,1757172659,1757172659
Movies/G/Guns Up (2025) BEQ DTS-HD MA 5.1.xml,1757202000,1757202000
Movies/T/The Innkeepers (2011) BEQ DTS-HD MA 5.1.xml,1757203395,1757203395
Movies/H/Honey Don't! (2025) BEQ DD+ Atmos.xml,1757437300,1757437300
Movies/W/Weapons (2025) BEQ DD+ Atmos.xml,1757441875,1757445136
Movies/S/Speak No Evil (2024) BEQ Atmos.xml,1757602834,1757602834
TV/F/Foundation (2021) (Season 03) BEQ DD+ Atmos.xml,1757646197,1757646197
Movies/E/Elio (2025) BEQ Atmos.xml,1757696699,1757696699
Movies/T/The Home (2025) BEQ DD+ Atmos.xml,1757808811,1757808811
Movies/S/Superman (2025) BEQ Atmos.xml,1757948192,1757948192
Movies/#/28 Years Later (2025) BEQ Atmos.xml,1757950491,1757951359
Movies/S/Somnium (2024) BEQ DD+.xml,1757953134,1757953134
Movies/T/TRON- Legacy (2010) BEQ Atmos.xml,1758130594,1758130594
Movies/T/Tron (1982) BEQ Atmos.xml,1758131850,1758131850
Movies/M/M3GAN 2.0 (2025) BEQ Atmos.xml,1758150468,1758150468
Movies/R/Raven's Hollow (2022) BEQ DTS-HD MA 5.1.xml,1758152087,1758152087
Movies/L/Loop Track (2023) BEQ DTS-HD MA 5.1.xml,1758307753,1758307753
Movies/#/6 Bullets (2012) BEQ DD+.xml,1758309966,1758309966
Movies/P/Perpetrator (2023) BEQ DD+.xml,1758310915,1758310915
Movies/D/Dragonheart- Vengeance (2020) BEQ DTS-HD MA 5.1.xml,1758322375,1762542669
Movies/D/Dragonheart- Vengeance (2020) BEQ DD+.xml,1758323473,1762542669
Movies/P/Play Dead (2022) BEQ DTS-HD MA 5.1.xml,1758324267,1758324267
Movies/P/Prisoner of War (2025) BEQ DD+.xml,1758327754,1758327754
Movies/W/Witchboard (2025) BEQ DD+.xml,1758331057,1758331057
Movies/F/The Fantastic 4- First Steps (2025) BEQ DD+ Atmos.xml,1758558160,1758558160
Movies/T/The Fantastic 4- First Steps (2025) BEQ DD+ Atmos.xml,1758562052,1758566844
Movies/B/Blood Fest (2018) BEQ DD+.xml,1758575734,1758575734
Movies/C/Clown in a Cornfield (2025) BEQ DTS-HD MA 5.1.xml,1758577227,1758577227
Movies/M/Mama (2013) BEQ DTS-HD MA 5.1.xml,1758578297,1758578297
Movies/M/Manor of Darkness (2025) BEQ DD+.xml,1758580066,1758580066
Movies/I/I Know What You Did Last Summer (2025) BEQ DTS-HD MA 5.1.xml,1758583787,1758583787
Movies/T/Tarot (2024) BEQ DD+ Atmos.xml,1758587604,1758587604
Movies/T/The Home (2025) BEQ Atmos.xml,1758589002,1758589002
Movies/N/Night of the Reaper (2025) BEQ DD+.xml,1758590649,1758590649
Movies/M/Motherland (2025) BEQ DD+.xml,1758734072,1758734072
TV/A/Alien- Earth (2025) (Season 01) BEQ DD+.xml,1758734072,1758734072
TV/M/Marvel Zombies (2025) (Season 01) BEQ DD+ Atmos.xml,1758775921,1758775921
Movies/P/Primitive War (2025) BEQ DD+.xml,1758848753,1758848753
Movies/C/Cop Car (2015) BEQ DTS-HD MA 5.1.xml,1758849765,1758849765
Movies/#/28 Days Later (2002) BEQ DD+.xml,1758894597,1758894597
Movies/#/28 Weeks Later (2007) BEQ DD+.xml,1758903046,1758903046
Movies/E/End of Days (1999) (UHD) BEQ DTS-HD MA 5.1.xml,1758907486,1758907486
Movies/T/The Man in My Basement (2025) BEQ DD+.xml,1758924515,1758924515
Movies/M/Mantis (2025) (Netflix) BEQ DD+ Atmos.xml,1758930595,1758930595
TV/C/Chucky (2021) (Season 01) BEQ DD+.xml,1758942953,1758942953
TV/C/Chucky (2021) (Season 02) BEQ DD+.xml,1758942953,1758942953
TV/C/Chucky (2021) (Season 03) BEQ DD+.xml,1758942953,1758942953
Movies/J/Joint Security Area (2000) (UHD) BEQ Atmos.xml,1759034874,1759034874
TV/B/Black Rabbit (2025) (Season 01) BEQ DD+ Atmos.xml,1759077736,1759077736
Movies/F/F1 (2025) BEQ Atmos.xml,1759087230,1759087230
Movies/T/The Unholy Trinity (2025) BEQ DTS-HD MA 5.1.xml,1759256575,1759256575
Movies/N/Nobody (2021) BEQ Atmos.xml,1759273424,1759273424
Movies/C/Caught Stealing (2025) BEQ DD+ Atmos.xml,1759274893,1759274893
TV/N/Nightmares of Nature (2025) (Season 01) BEQ DD+ Atmos.xml,1759279676,1759279676
Movies/A/American Sniper (2014) (UHD) BEQ DD+ Atmos.xml,1759337415,1759337415
Movies/#/47 Ronin (2013) BEQ DD+.xml,1759357782,1759357782
TV/W/Wayward (2025) (Season 01) BEQ DD+ Atmos.xml,1759452527,1759452527
Movies/M/Master Z- Ip Man Legacy (2018) BEQ DD 5.1.xml,1759539931,1759543092
"TV/G/Genie, Make a Wish (2025) (Season 01) BEQ DD+ Atmos.xml",1759545723,1759545723
Movies/T/The Bad Guys 2 (2025) BEQ Atmos.xml,1759598944,1759598944
Movies/V/HALLOWEEN (2025) BEQ DD 5.1.xml,1759614900,1759614900
Movies/T/The Mitchells vs. the Machines (2021) BEQ DTS-HD MA 5.1.xml,1759636810,1759636810
Movies/T/The Lost Bus (2025) BEQ DD+ Atmos.xml,1759671236,1759671236
Movies/T/The Last Winter (2006) BEQ DTS-HD MA 5.1.xml,1759672452,1759672452
Movies/T/The Fantastic 4- First Steps (2025) BEQ Atmos.xml,1759705258,1759705258
TV/T/The Terminal List- Dark Wolf (2025) (Season 01) BEQ DD+.xml,1759725746,1759725746
Movies/T/The Conjuring- Last Rites (2025) BEQ DD+.xml,1759761121,1759761121
Movies/F/Freakier Friday (2025) BEQ DD+ Atmos.xml,1759790042,1759790042
Movies/B/Brave (2012) BEQ DD+.xml,1759848368,1759848368
Movies/B/Brave (2012) BEQ DD+ Atmos.xml,1759849583,1759849954
Movies/T/The Conjuring- Last Rites (2025) BEQ DD+ Atmos.xml,1759944989,1759944989
TV/T/Tulsa King (2022) (Season 02) BEQ DD+.xml,1759974083,1759974083
Movies/W/War 2 (2025) BEQ DD+.xml,1760017140,1760017140
Movies/B/Bloodthirsty (2021) BEQ DD+.xml,1760019064,1760019064
Movies/H/HIM (2025) BEQ DD+ Atmos.xml,1760020430,1760020430
TV/T/Tulsa King (2022) (Season 01) BEQ DD+.xml,1760069133,1760069133
Movies/H/Hocus Pocus (1993) BEQ DD+.xml,1760070484,1760070484
Movies/W/Weapons (2025) BEQ Atmos.xml,1760098234,1760098234
Movies/T/The Woman in Cabin 10 (2025) BEQ DD+ Atmos.xml,1760141114,1760141114
Movies/T/The Woman in Cabin 10 (2025) BEQ DD+.xml,1760142546,1760142546
Movies/V/Vicious (2025) BEQ DD+.xml,1760143475,1760143475
Movies/V/Vicious (2025) BEQ DD+ Atmos.xml,1760144354,1760144354
TV/T/The Gorge (2025) BEQ DD+ Atmos.xml,1760192425,1760192425
Movies/M/Mission- Impossible - The Final Reckoning (2025) BEQ Atmos.xml,1760299410,1760299410
TV/A/Alice in Borderland (2020) (Season 03) BEQ DD+ Atmos.xml,1760312651,1760312651
Movies/N/Nobody 2 (2025) BEQ Atmos.xml,1760411844,1760411844
TV/S/Splinter Cell- Deathwatch (2025) (Season 01) BEQ DD+ Atmos.xml,1760449819,1760449819
Movies/K/Killing Faith (2025) BEQ DD+.xml,1760457535,1760457535
TV/S/See (2019) (Season 01) BEQ DD+ Atmos.xml,1760459556,1760459556
TV/S/See (2019) (Season 02) BEQ DD+ Atmos.xml,1760460428,1760460428
TV/S/See (2019) (Season 03) BEQ DD+ Atmos.xml,1760461537,1760461537
Movies/T/The Strangers- Chapter 1 (2024) BEQ Atmos.xml,1760488257,1760488257
Movies/T/The Strangers- Chapter 2 (2025) BEQ DD+ Atmos.xml,1760490622,1760490622
TV/P/Peacemaker (2022) (Season 02) BEQ DD+ Atmos.xml,1760538842,1760538842
Movies/G/Glass Onion- A Knives Out Mystery (2022) BEQ DD+ Atmos.xml,1760660582,1760660582
Movies/K/Knives Out (2019) BEQ Atmos.xml,1760661593,1760709443
Movies/A/Æon Flux (2005) BEQ DTS-HD MA 5.1.xml,1760732044,1760732044
Movies/E/Eddington (2025) BEQ Atmos.xml,1760734829,1760734829
Movies/M/Mother Maker Lover Taker (2024) BEQ DD+.xml,1760799611,1760799611
Movies/T/The Astronaut (2025) BEQ DD+.xml,1760802422,1760802422
Movies/T/The Mannequin (2025) BEQ DD+.xml,1760902091,1760902091
Movies/S/Shell (2025) BEQ DD+.xml,1760902845,1760902845
Movies/T/The Longest Yard (2005) BEQ DTS-HD MA 5.1.xml,1760917095,1760917095
Movies/L/Lights Out (2016) BEQ DTS-HD MA 5.1.xml,1760970532,1760970532
Movies/T/The Roses (2025) BEQ DD+ Atmos.xml,1760994817,1760994817
Movies/Y/Your Host (2025) BEQ DD+.xml,1760995786,1760995786
TV/E/Elves (2021) (Season 01) BEQ DD+.xml,1761097092,1761097092
Movies/A/Afterburn (2025) BEQ DD+.xml,1761099841,1761099841
Movies/A/A Man Called Otto (2022) BEQ DD+.xml,1761101968,1761101968
Movies/D/Dead of Winter (2025) BEQ DD+.xml,1761103415,1761103415
Movies/O/Other (2025) BEQ DD+.xml,1761104413,1761104413
Movies/T/The Long Walk (2025) BEQ DD+ Atmos.xml,1761105609,1761105609
Movies/A/Antlers (2021) BEQ DTS-HD MA 5.1.xml,1761141006,1761141006
Movies/A/Anemone (2025) BEQ DD+ Atmos.xml,1761143154,1761143154
TV/G/Gen V (2023) (Season 02) BEQ DD+ Atmos.xml,1761144625,1761144625
Movies/B/Bambi- The Reckoning (2025) BEQ DD+.xml,1761242036,1761242036
TV/N/NCIS- Tony & Ziva (2025) (Season 01) BEQ DD+.xml,1761242036,1761242036
Movies/T/The Elixir (2025) BEQ DD+ Atmos.xml,1761274550,1761274550
TV/M/Mob War- Philadelphia vs. the Mafia (2025) (Season 01) BEQ DD+ Atmos.xml,1761276658,1761276658
Movies/T/The Disaster Artist (2017) BEQ DD+ Atmos.xml,1761280584,1761280584
TV/I/Invasion (2021) (Season 03) BEQ DD+ Atmos.xml,1761282589,1761352192
Movies/T/The Disaster Artist (2017) BEQ TrueHD 7.1.xml,1761325162,1761325162
Movies/H/Helloween (2025) BEQ DTS-HD MA 5.1.xml,1761409825,1761409825
Movies/T/The Hand That Rocks the Cradle (2025) BEQ DD+ Atmos.xml,1761411702,1761411702
Movies/A/A House of Dynamite (2025) BEQ DD+ Atmos.xml,1761413737,1761413737
Movies/D/Drive (2011) BEQ Atmos.xml,1761415177,1761415177
Movies/M/Mr. K (2024) BEQ DD+.xml,1761416673,1761416673
Movies/B/Bug (2006) BEQ DTS-HD MA 5.1.xml,1761443008,1761443008
Movies/T/The Swordsman (2021) BEQ DD+.xml,1761500624,1761500624
Movies/B/Bone Lake (2024) BEQ DD+.xml,1761610050,1761610050
Movies/T/The Substance (2024) BEQ DTS-HD MA 5.1.xml,1761612014,1761612014
TV/O/Only Murders in the Building (2021) (Season 05) BEQ DD+.xml,1761631270,1761631270
Movies/T/Together (2025) BEQ DTS-HD MA 5.1.xml,1761681080,1761681080
Movies/T/The Jester 2 (2025) BEQ DD+.xml,1761693894,1761693894
Movies/T/The Jester (2023) BEQ DD+.xml,1761696411,1761696411
Movies/S/Stolen Girl (2025) BEQ DTS-HD MA 5.1.xml,1761779553,1761779553
Movies/B/Ballad of a Small Player (2025) BEQ DD+ Atmos.xml,1761780730,1761780730
Movies/B/Bambi- The Reckoning (2025) BEQ DTS-HD MA 5.1.xml,1761782211,1761782211
Movies/I/It Feeds (2025) BEQ DTS-HD MA 5.1.xml,1761783335,1761783335
Movies/T/The Astronaut (2025) BEQ DTS-HD MA 5.1.xml,1761784631,1761784631
Movies/T/The Toxic Avenger Unrated (2023) (Unrated) BEQ DTS-HD MA 5.1.xml,1761785954,1761785954
Movies/I/In the Mouth of Madness (1994) BEQ DTS-HD MA 5.1.xml,1761798058,1761798058
Movies/S/St. Agatha (2018) BEQ DD+.xml,1761961926,1761961926
Movies/T/The Cut (2024) BEQ DD+.xml,1761964238,1761964238
Movies/R/Red Sonja (2025) BEQ DTS-HD MA 5.1.xml,1762043833,1762043833
Movies/H/Hancock (2008) BEQ Atmos.xml,1762044165,1762044165
Movies/H/Hancock (2008) BEQ DD+ Atmos.xml,1762044165,1762044165
TV/T/The Twilight Zone (2019) (Season 01) BEQ DD+.xml,1762044240,1762044240
TV/T/The Twilight Zone (2019) (Season 02) BEQ DD+.xml,1762044240,1762044240
Movies/F/Firestarter (2022) BEQ DD+.xml,1762045379,1762045379
Movies/R/Red Planet (2000) BEQ DTS-HD MA 5.1.xml,1762045244,1762045244
Movies/R/Rupture (2016) BEQ DTS-HD MA 5.1.xml,1762045454,1762045454
Movies/T/Taken 2 (2012) (Unrated Extended Cut) BEQ DTS-HD MA 5.1.xml,1762045501,1762045501
Movies/T/The Little Things (2021) (Netflix) BEQ DD+ Atmos.xml,1762048968,1762048968
TV/G/Guillermo del Toro's Cabinet of Curiosities (2022) (Season 01) (Netflix) BEQ DD+ Atmos.xml,1762050428,1762050428
Movies/V/Vivarium (2019) BEQ DTS-HD MA 5.1.xml,1762129139,1762129139
Movies/T/The Black Phone (2022) BEQ Atmos.xml,1762196283,1762196283
Movies/L/London Calling (2025) BEQ DD+.xml,1762220884,1762220884
Movies/B/Black Phone 2 (2025) BEQ DD+ Atmos.xml,1762280304,1762280304
Movies/J/Jane Got a Gun (2015) BEQ DTS-HD MA 5.1.xml,1762364269,1762364269
Movies/T/The Guilty (2021) BEQ DD+ Atmos.xml,1762365351,1762365351
Movies/S/Safe House (2025) BEQ DD+.xml,1762373628,1762373628
Movies/S/Safe House (2025) BEQ DTS-HD MA 5.1.xml,1762373896,1762373896
Movies/C/Caught Stealing (2025) BEQ Atmos.xml,1762404932,1762404932
Movies/T/The Alto Knights (2025) BEQ Atmos.xml,1762491943,1762491943
Movies/T/The Naked Gun (2025) BEQ Atmos.xml,1762492870,1762492870
Movies/G/Good Fortune (2025) BEQ DD+ Atmos.xml,1762532981,1762532981
Movies/F/Frankenstein (2025) BEQ DD+ Atmos.xml,1762534440,1762534440
Movies/D/Dragonheart- Battle for the Heartfire (2017) BEQ DTS-HD MA 5.1.xml,1762542669,1762542669
Movies/H/HIM (2025) BEQ Atmos.xml,1762545244,1762545244
Movies/O/Orphan- First Kill (2022) BEQ DTS-HD MA 5.1.xml,1762547355,1762547355
Movies/O/Orphan- First Kill (2022) BEQ DTS-HD MA 7.1.xml,1762558846,1762558846
Movies/I/Ice Road- Vengeance (2025) BEQ DD+.xml,1762569468,1762569468
Movies/T/The Wiz (1978) BEQ Atmos.xml,1762623261,1762623261
Movies/T/The Wiz (1978) BEQ DD+.xml,1762624877,1762624877
Movies/P/Prisoner of War (2025) BEQ DTS-HD MA 5.1.xml,1762626313,1762626313
Movies/H/Hell House LLC- Lineage (2025) BEQ DD+.xml,1762629619,1762629619
Movies/A/Altered States (1980) BEQ DTS-HD MA 5.1.xml,1762792130,1762792130
Movies/S/Spirited (2022) BEQ DD+ Atmos.xml,1762812821,1762812821
TV/N/Néro the Assassin (2025) (Season 01) (Netflix) BEQ DD+ Atmos.xml,1762835240,1762835240
Movies/R/Roofman (2025) BEQ DD+.xml,1762887395,1762887395
Movies/H/Highlander- The Source (2007) BEQ DD+.xml,1762991288,1762991288
Movies/P/Playdate (2025) BEQ DD+.xml,1762994613,1762994613
Movies/S/Soul on Fire (2025) BEQ DD+.xml,1762996571,1762996571
Movies/S/Stephanie (2017) BEQ DTS-HD MA 5.1.xml,1762997327,1762997327
Movies/W/Wish Upon (2017) (Unrated) BEQ DTS-HD MA 5.1.xml,1762998246,1762998246
Movies/S/Snowden (2016) (UHD) BEQ DTS-HD MA 5.1.xml,1763002105,1763002105
Movies/S/Shark Terror (2025) BEQ DD+.xml,1763004418,1763004418
TV/L/Last Samurai Standing (2025) (Season 01) (Netflix) BEQ DD+.xml,1763043028,1763043028
Movies/S/Sharp Corner (2024) BEQ DD+.xml,1763044246,1763044246
Movies/H/How the Grinch Stole Christmas (2000) BEQ Atmos.xml,1763062356,1763062356
Movies/O/One Battle After Another (2025) BEQ DD+ Atmos.xml,1763076046,1763076046
Movies/D/Deathstalker (2025) BEQ DD+.xml,1763145668,1763145668
Movies/T/The Conjuring- Last Rites (2025) BEQ Atmos.xml,1763176617,1763176617
Movies/T/The Judge (2014) BEQ DD+.xml,1763220124,1763220124
Movies/T/The Marksman (2021) BEQ DTS-HD MA 5.1.xml,1763220761,1763220761
Movies/Y/You Should Have Left (2020) BEQ DD+.xml,1763221190,1763221190
Movies/T/The Invisibles (2024) BEQ DD+.xml,1763255419,1763255419
Movies/B/Bushido (2024) BEQ DD+.xml,1763396238,1763396238
Movies/I/Ice Road- Vengeance (2025) BEQ DTS-HD MA 5.1.xml,1763426513,1763426513
Movies/R/Resurrection Road (2025) BEQ DD+.xml,1763493665,1763493665
Movies/T/The Long Walk (2025) BEQ Atmos.xml,1763493580,1763493580
Movies/S/Shelby Oaks (2024) BEQ DD+.xml,1763495164,1763495164
Movies/V/Violent Ends (2025) BEQ DD+.xml,1763496103,1763496103
Movies/I/If I Had Legs I'd Kick You (2025) BEQ DD+ Atmos.xml,1763579524,1763579524
Movies/L/Locked (2025) BEQ DTS-HD MA 5.1.xml,1763603739,1763603739
Movies/L/Last Seen Alive (2022) BEQ DD+.xml,1763665293,1763665293
Movies/R/Revolver (2005) BEQ TrueHD 5.1.xml,1763666175,1763666175
TV/T/The American Revolution (2025) (Season 01) BEQ DD+.xml,1763672695,1763672695
TV/T/The Beast in Me (2025) (Season 01) BEQ DD+ Atmos.xml,1763674557,1763674557
TV/T/The Witcher (2019) (Season 04) BEQ DD+ Atmos.xml,1763696025,1763696025
TV/T/The Librarians- The Next Chapter (2025) (Season 01) BEQ DTS-HD MA 5.1.xml,1763741728,1763741728
Movies/N/Nightcrawler (2014) BEQ DD+.xml,1763763003,1763763003
Movies/N/National Treasure (2004) BEQ TrueHD 5.1.xml,1763766140,1763766140
Movies/T/The Fix (2024) BEQ DTS-HD MA 5.1.xml,1763772431,1763772431
Movies/O/Osiris (2025) BEQ DTS-HD MA 5.1.xml,1763774076,1763774076
Movies/T/The Family Plan 2 (2025) BEQ DD+ Atmos.xml,1763779941,1763779941
Movies/R/Raging Grace (2023) BEQ DTS-HD MA 5.1.xml,1763787400,1763787400
Movies/N/National Treasure- Book of Secrets (2007) BEQ TrueHD 5.1.xml,1763826465,1763826465
Movies/A/After the Hunt (2025) BEQ DD+ Atmos.xml,1763840539,1763840539
TV/T/Tulsa King (2022) (Season 03) BEQ DD+.xml,1763877095,1763877095
TV/T/Talamasca- The Secret Order (2025) (Season 01) BEQ DD+.xml,1763913792,1763913792
Movies/N/National Treasure (2004) BEQ DD+ Atmos.xml,1763999103,1763999103
Movies/H/Hypnotic (2023) BEQ Atmos.xml,1764048604,1764048604
Movies/M/Murder at the Embassy (2025) BEQ DD+.xml,1764049934,1764049934
Movies/T/Train Dreams (2025) BEQ DD+ Atmos.xml,1764086910,1764086910
Movies/T/The Descent (2005) BEQ DD+.xml,1764166235,1764166235
Movies/B/Bugonia (2025) BEQ DD+ Atmos.xml,1764200627,1764200627
TV/S/Stranger Things (2016) (Season 05) BEQ DD+ Atmos.xml,1764208117,1764208117
Movies/G/Good Fortune (2025) BEQ Atmos.xml,1764342164,1764342164
Movies/D/Dangerous Animals (2025) BEQ DTS-HD MA 5.1.xml,1764377522,1764377522
Movies/D/Dracula (2025) BEQ DD+ Atmos.xml,1764379739,1764379739
Movies/T/The Shadow's Edge (2025) BEQ DD+ Atmos.xml,1764383018,1764383018
Movies/T/Thor- Ragnarok (2017) BEQ DTS-HD MA 7.1.xml,1764446060,1764457212
TV/T/Troll 2 (2025) (Netflix) BEQ DD+ Atmos.xml,1764599610,1764599610
Movies/T/TRON- Ares (2025) BEQ DD+ Atmos.xml,1764688361,1764688361
Movies/T/Tombstone (1993) BEQ DTS-HD MA 5.1.xml,1764690525,1764690525
Movies/T/The Old Woman with the Knife (2025) BEQ DD+.xml,1764692057,1764692057
Movies/T/The Crazies (2010) BEQ Atmos.xml,1747923106,1747923106
Movies/T/Trap House (2025) BEQ DD+.xml,1764868548,1764868548
Movies/J/Jingle Bell Heist (2025) BEQ DD+.xml,1764869815,1764869815
Movies/D/Dracula (2025) BEQ Atmos.xml,1764871354,1764871354
Movies/S/Samurai Fury (2025) BEQ Atmos.xml,1764903327,1764903327
TV/T/The Last Frontier (2025) (Season 01) BEQ DD+ Atmos.xml,1764935870,1764935870
Movies/B/Breed of Greed (2025) BEQ DD+.xml,1764959435,1764959435
Movies/C/Consecration (2023) BEQ DD+.xml,1764960670,1764960670
Movies/T/The Grey (2012) BEQ DTS-HD MA 5.1.xml,1764963452,1764963452
Movies/T/The House with a Clock in Its Walls (2018) BEQ Atmos.xml,1764964733,1764964733
Movies/L/Lone Samurai (2025) BEQ DD+.xml,1764977336,1764977336
Movies/O/Oh. What. Fun. (2025) BEQ DD+.xml,1764978985,1764978985
Movies/T/The Christmas Chronicles- Part Two (2018) BEQ DD+ Atmos.xml,1765083700,1765083700
Movies/T/The Christmas Chronicles- Part Two (2020) BEQ DD+ Atmos.xml,1765083700,1765083700
Movies/J/Jay Kelly (2025) (Netflix) BEQ DD+ Atmos.xml,1765125029,1765125029
Movies/C/Cold Meat (2023) BEQ Atmos.xml,1765142124,1765142124
Movies/C/Cold Meat (2023) BEQ DD+.xml,1765142524,1765142524
Movies/M/Man Finds Tape (2025) BEQ DD+.xml,1765158009,1765158009
Movies/A/Atomic Blonde (2017) BEQ DD+.xml,1765250738,1765250738
Movies/D/Die My Love (2025) BEQ DD+.xml,1765291482,1765291482
Movies/G/Guns & Moses (2025) BEQ DD+.xml,1765420931,1765420931
Movies/B/Brightburn (2019) BEQ Atmos.xml,1765421863,1765421863
Movies/O/Omniscient Reader- The Prophecy (2025) BEQ Atmos.xml,1765422714,1765422714
Movies/T/The Running Man (2025) BEQ DD+.xml,1765465022,1765465022
Movies/N/Nightmare Alley (2021) BEQ Atmos.xml,1765500979,1765500979
Movies/S/Sniper- The Last Stand (2025) BEQ DD+.xml,1765512294,1765512294
Movies/W/Wake Up Dead Man- A Knives Out Mystery (2025) BEQ DD+ Atmos.xml,1765549985,1765549985
Movies/D/Dogma (1999) BEQ Atmos.xml,1765558331,1765558331
Movies/T/Turbulence (2025) BEQ DD+.xml,1765640315,1765640315
Movies/S/Southpaw (2015) BEQ Atmos.xml,1765721432,1765721432
Movies/S/Southpaw (2015) BEQ DTS-HD MA 5.1.xml,1765722934,1765722934
TV/Y/Yellowstone (2018) (Season 05) (Peacock) BEQ DD+.xml,1765809961,1765809961
