Movie BEQs/65 (2023) (-1.0 gain) BEQ Atmos.xml,1686443040,1702155606
Movie BEQs/65 (2023) (Amazon) BEQ DD+ Atmos.xml,1686444301,1686506436
Movie BEQs/Big George Foreman (2023) (+3.0 gain) BEQ DD+ Atmos.xml,1686457774,1686546508
Movie BEQs/Black Adam (2022) (+5.5 gain) BEQ Atmos.xml,1686458879,1686507244
Movie BEQs/Cowboys & Aliens (2011) (Extended Cut) (-2.0 gain) BEQ DTS-HD MA 5.1.xml,1686462916,1707432867
Movie BEQs/Devotion (2022) (-2.0 gain) BEQ DD+ Atmos.xml,1686464890,1707432867
Movie BEQs/Dungeons & Dragons- Honor Among Thieves (2023) (+5.0 gain) BEQ Atmos.xml,1686466893,1686507629
Movie BEQs/Family Guy Presents- Blue Harvest (2007) (+2.0 gain) BEQ DTS-HD MA 5.1.xml,1686436379,1686511775
Movie BEQs/Family Guy Presents- It's a Trap! (2010) (+3.5 gain) BEQ DTS-HD MA 5.1.xml,1686441102,1686508539
"Movie BEQs/Family Guy Presents- Something, Something, Something, Dark Side (2009) (-2.5 gain) BEQ DTS-HD MA 5.1.xml",1686436856,1686508680
Movie BEQs/John Wick- Chapter 4 (2023) (+0.5 gain) BEQ Atmos.xml,1686433330,1686526785
Movie BEQs/Ant-Man and the Wasp- Quantumania (2023) (+1.0 gain) BEQ Atmos.xml,1686506626,1686506626
Movie BEQs/Avatar (2009) (Disney+) (+1.0 gain) BEQ DD+ Atmos.xml,1686506789,1686506789
Movie BEQs/Batman- Bad Blood (2016) (-0.5 gain) BEQ DTS-HD MA 5.1.xml,1686506923,1686506923
Movie BEQs/Ghosted (2023) (Apple TV+) (+0.5 gain) BEQ DD+ Atmos.xml,1686521791,1686521904
Movie BEQs/Guy Ritchie's The Covenant (2023) (Amazon) BEQ DD+ Atmos.xml,1686522049,1686782412
Movie BEQs/Hypnotic (2023) (+2.5 gain) BEQ DD+.xml,1686523552,1686523552
Movie BEQs/Into the Blue (2005) (+2.0 gain) BEQ DTS-HD MA 5.1.xml,1686526356,1686526356
Movie BEQs/Justice League- The Flashpoint Paradox (2013) (-0.5 gain) BEQ DTS-HD MA 5.1.xml,1686537260,1714802014
Movie BEQs/Renfield (2023) (+1.5 gain) BEQ DD+ Atmos.xml,1686539605,1686539605
Movie BEQs/Shazam! Fury of the Gods (2023) (+6.0 gain) BEQ Atmos.xml,1686541306,1755911282
Movie BEQs/Shazam! Fury of the Gods (2023) (+6.5 gain) BEQ DD+ Atmos.xml,1686541306,1686541306
Movie BEQs/Sisu (2023) (Amazon) (+3.0 gain) BEQ DD+ Atmos.xml,1686542292,1686542292
Movie BEQs/Avatar- The Way of Water (2022) (+1.5 gain) BEQ Atmos.xml,1686801204,1686801204
Movie BEQs/Need for Speed (2014) (-5.0 gain) BEQ DTS-HD MA 7.1.xml,1686801204,1761265470
Movie BEQs/Stowaway (2021) (+9.0 gain) BEQ DTS-HD MA 5.1.xml,1686801204,1686801204
Movie BEQs/The A-Team (2010) (Extended Cut) (+1.0 gain) BEQ DTS-HD MA 5.1.xml,1686802502,1686802502
Movie BEQs/Guy Ritchie's The Covenant (2023) BEQ Atmos.xml,1686874669,1714799726
Movie BEQs/The Pope's Exorcist (2023) (-0.5 gain) BEQ DTS-HD MA 5.1 - DD+.xml,1687115153,1687115153
Movie BEQs/The Super Mario Bros. Movie (2023) (+1.5 gain) BEQ Atmos.xml,1687121793,1687121793
Movie BEQs/Wanted (2008) (-3.0 gain) BEQ DTS-HD MA 5.1.xml,1687128504,1687128504
Movie BEQs/Whiskey Tango Foxtrot (2016) (-1.0 gain) BEQ DTS-X.xml,1687133857,1687133857
Movie BEQs/Avatar (2009) (+1.0 gain) BEQ Atmos.xml,1687228614,1687228614
Movie BEQs/Renfield (2023) (+1.0 gain) BEQ DTS-HD MA 5.1.xml,1687231368,1687231947
Movie BEQs/Extraction 2 (2023) (+2.0 gain) BEQ DD+ Atmos.xml,1687316009,1687316009
Movie BEQs/Avatar- The Way of Water (2022) (3D-Disc 1) (+2.5 gain) BEQ DTS-HD MA 7.1.xml,1687401720,1687401720
Movie BEQs/Avatar- The Way of Water (2022) (3D-Disc 2) (+1.5 gain) BEQ DTS-HD MA 7.1.xml,1687403473,1687403473
Movie BEQs/Kandahar (2023) (+1.0 gain) BEQ DD+.xml,1687404106,1687404106
Movie BEQs/The Machine (2023) (Apple TV+) (+4.0 gain) BEQ DD+.xml,1687634724,1687634724
Movie BEQs/Big George Foreman (2023) (+3.0 gain) BEQ DTS-HD MA 5.1.xml,1687908363,1687908363
Movie BEQs/The Witcher (Season 3) (EP01) (Netflix) (+0.5 gain) BEQ DD+ Atmos.xml,1688319000,1688320732
Movie BEQs/The Witcher (Season 3) (EP02) (Netflix) (+3.0 gain) BEQ DD+ Atmos.xml,1688319000,1688321089
Movie BEQs/The Witcher (Season 3) (EP03) (Netflix) (+2.5 gain) BEQ DD+ Atmos.xml,1688319000,1688321144
Movie BEQs/The Witcher (Season 3) (EP04) (Netflix) (+1.0 gain) BEQ DD+ Atmos.xml,1688319000,1688321189
Movie BEQs/The Witcher (Season 3) (EP05) (Netflix) (+6.0 gain) BEQ DD+ Atmos.xml,1688319000,1688319977
Movie BEQs/Battle- Los Angeles (2011) (-2.5 gain) BEQ DTS-HD MA 5.1.xml,1688417781,1707432867
Movie BEQs/Mission- Impossible - Fallout (2018) (-2.5 gain) BEQ Atmos.xml,1688446710,1688446710
Movie BEQs/X-Men Origins- Wolverine (2009) (-0.5 gain) BEQ DTS-HD MA 5.1.xml,1688699407,1717648434
Movie BEQs/Guardians of the Galaxy Vol. 3 (2023) (+3.0 gain) BEQ DD+ Atmos.xml,1688705075,1690586117
Movie BEQs/Sisu (2022) (+6.0 gain) BEQ TrueHD 5.1.xml,1688771257,1688771257
TV Show BEQ/deleteme.txt,1688776796,1688776796
TV Show BEQ/The Witcher (2023) (Season 3) (EP01) (Netflix) (+0.5 gain) BEQ DD+ Atmos.xml,1688778519,1688778519
TV Show BEQ/The Witcher (Season 3) (EP01) (Netflix) (+0.5 gain) BEQ DD+ Atmos.xml,1688793376,1688793376
TV Shows BEQ/deleteme.txt,1688795531,1688795531
TV Shows BEQ/The Witcher (2023) (EP01) (Netflix) (+0.5 gain) BEQ DD+ Atmos.xml,1688795613,1688795613
Movie BEQs/The Out-Laws (2023) (Netflix) (+2.0 gain) BEQ DD+ Atmos.xml,1688870231,1688937793
Movie BEQs/Transformers- Rise of the Beasts (2023) (+2.5 gain) BEQ DD+ Atmos.xml,1689126510,1689126510
Movie BEQs/Kandahar (2023) (-0.5 gain) BEQ DTS-HD MA 5.1.xml,1689199500,1689199500
Movie BEQs/Blade Runner (1982) (The Final Cut) (+1.0 gain) BEQ Atmos.xml,1689204898,1689204898
Movie BEQs/The Flash (2023) (+5.0 gain) BEQ DD+ Atmos.xml,1689600629,1689600629
Movie BEQs/Guardians of the Galaxy Vol. 3 (2023) (+3.0 gain) BEQ Atmos.xml,1690586117,1690847355
Movie BEQs/The Little Mermaid (2023) (+3.0 gain) BEQ DD+ Atmos.xml,1690596472,1690596472
Movie BEQs/Warhorse One (2023) (Amazon) (+6.0 gain) BEQ DD+.xml,1690597989,1690597989
Movie BEQs/Jack Reacher (2012) (+1.0 gain) BEQ DTS-HD MA 7.1.xml,1690667651,1690667651
Movie BEQs/Jack Reacher- Never Go Back (2016) (+4.0 gain) BEQ Atmos.xml,1690667651,1690667651
Movie BEQs/Justice League- Warworld (2023) (+6.0 gain) BEQ DTS-HD MA 5.1.xml,1690732493,1690732493
Movie BEQs/3-10 to Yuma (2007) BEQ DTS-X.xml,1690953727,1759291179
Movie BEQs/Immortals (2011) (-7.0 gain) BEQ DTS-HD MA 5.1.xml,1690953727,1690953727
Movie BEQs/Insidious- The Red Door (2023) (+2.0 gain) BEQ DD+ Atmos.xml,1690953727,1690953727
Movie BEQs/This Means War (2012) (+2.0 gain) BEQ DTS-HD MA 5.1.xml,1690953727,1690953727
Movie BEQs/Spider-Man- Across the Spider-Verse (2023) (+5.0 gain) BEQ DD+ Atmos.xml,1691467989,1691469429
Movie BEQs/Heart of Stone (2023) (Netflix) (-0.5 gain) BEQ DD+ Atmos.xml,1691855926,1691855926
Movie BEQs/Hidden Strike (2023) (Netflix) (+0.5 gain) BEQ DD+.xml,1691855926,1691855926
Movie BEQs/No Hard Feelings (2023) (+3.0 gain) BEQ DD+.xml,1691855926,1691855926
Movie BEQs/Resident Evil- Death Island (2023) (-3.5 gain) BEQ Atmos.xml,1691855926,1691855926
Movie BEQs/The Man from U.N.C.L.E. (2015) (-1.0 gain) BEQ Atmos.xml,1691855926,1691855926
Movie BEQs/The Maze Runner (2014) (-2.5 gain) BEQ DTS-HD MA 7.1.xml,1691855926,1691855926
Movie BEQs/World War Z (2013) (-1.0 gain) BEQ DTS-HD MA 7.1.xml,1691855926,1691855926
Movie BEQs/World War Z (2013) (Unrated) (-1.0 gain) BEQ DTS-HD MA 7.1.xml,1691856353,1691856353
Movie BEQs/21 Jump Street (2012) (+1.0 gain) BEQ Atmos.xml,1691888076,1691888076
Movie BEQs/22 Jump Street (2014) (+1.0 gain) BEQ Atmos.xml,1691888076,1691888076
Movie BEQs/War (2007) (-0.5 gain) BEQ DTS-HD MA 7.1.xml,1691888076,1691888076
Movie BEQs/Black Panther (2018) (+6.0 gain) BEQ Atmos.xml,1692406300,1692406300
Movie BEQs/2 Guns (2013) (+1.5 gain) BEQ DTS-X.xml,1692721575,1692721575
Movie BEQs/Fast X (2023) (-2.5 gain) BEQ Atmos.xml,1692721575,1692721575
Movie BEQs/Fast X (2023) BEQ DD+ Atmos.xml,1692721575,1692721575
Movie BEQs/Inglourious Basterds (2009) (+1.0 gain) BEQ DTS-HD MA 5.1.xml,1692721575,1692721575
Movie BEQs/The Flash (2023) (+5.0 gain) BEQ Atmos.xml,1692721575,1692721575
Movie BEQs/TÁR (2022) (+6.0 gain) BEQ Atmos.xml,1692830253,1692830253
Movie BEQs/In the Heart of the Sea (2015) (-1.0 gain) BEQ Atmos.xml,1693112045,1693112045
Movie BEQs/Meg 2- The Trench (2023) (+4.5 gain) BEQ DD+ Atmos.xml,1693112045,1693112045
Movie BEQs/Red Dawn (2012) (-2.0 gain) BEQ DTS-HD MA 5.1.xml,1693112045,1693112045
Movie BEQs/Rush (2013) (-4.0 gain) BEQ DTS-HD MA 5.1.xml,1693112045,1693115416
Movie BEQs/Indiana Jones and the Dial of Destiny (2023) (+2.0 gain) BEQ DD+ Atmos.xml,1693452190,1693819886
Movie BEQs/Maze Runner- The Death Cure (2018) (-1.5 gain) BEQ Atmos.xml,1693452190,1693452190
Movie BEQs/Maze Runner- The Scorch Trials (2015) (+2.0 gain) BEQ DTS-HD MA 7.1.xml,1693452190,1693452190
Movie BEQs/The Last Voyage of the Demeter (2023) (+1.0 gain) BEQ DD+ Atmos.xml,1693452190,1693452190
Movie BEQs/Spider-Man- Across the Spider-Verse (2023) (+5.0 gain) BEQ Atmos.xml,1693666201,1693666201
Movie BEQs/Wrong Turn (2003) (-1.5 gain) BEQ DTS-HD MA 5.1.xml,1693817381,1693817381
Movie BEQs/First Man (2018) (-1.5 gain) BEQ Atmos.xml,1694621676,1694621676
Movie BEQs/Infinity Pool (2023) (Uncut) (+1.0 gain) BEQ DTS-HD MA 5.1.xml,1694621676,1694621676
Movie BEQs/Talk to Me (2022) (+3.5 gain) BEQ DD+.xml,1694621676,1694621676
Movie BEQs/The Legend of Zorro (2005) BEQ Atmos.xml,1694621676,1694621676
Movie BEQs/Kick-Ass (2010) (+0.5 gain) BEQ DTS-X.xml,1694652588,1694652588
Movie BEQs/Kick-Ass 2 (2013) (+4.0 gain) BEQ DTS-X.xml,1694652588,1694652588
Movie BEQs/It Follows (2014) (+0.5 gain) BEQ Atmos.xml,1694716504,1694716504
Movie BEQs/Jules (2023) (+3.0 gain) BEQ DD+.xml,1694716504,1694716504
Movie BEQs/Sisu (2023) (+5.0 gain) BEQ Atmos.xml,1694716504,1694716504
"Movie BEQs/As Above, So Below (2014) (+2.0 gain) BEQ DTS-HD MA 7.1.xml",1694813366,1694813366
Movie BEQs/Shrek the Third (2007) (+4.5 gain) BEQ DTS-X.xml,1694813366,1694813366
Movie BEQs/Dracula Untold (2014) (-1.0 gain) BEQ DTS-X.xml,1694871190,1694871190
Movie BEQs/The Lost City of Z (2017) (+6.0 gain) BEQ DTS-HD MA 5.1.xml,1694971354,1694972099
Movie BEQs/Blue Beetle (2023) (+4.5 gain) BEQ DD+ Atmos.xml,1695095814,1695095814
Movie BEQs/The Little Mermaid (2023) (+3.0 gain) BEQ Atmos.xml,1695095814,1695095814
Movie BEQs/Gran Turismo (2023) (+2.5 gain) BEQ DD+.xml,1695870848,1695870848
Movie BEQs/The Machine (2023) (+4.0 gain) BEQ DTS-HD MA 5.1.xml,1695995476,1695995476
Movie BEQs/U-571 (2000) BEQ DTS-HD MA 5.1.xml,1695995535,1695995535
Movie BEQs/Prey (2022) (+1.5 gain) BEQ Atmos.xml,1696012147,1696012147
Movie BEQs/Talk to Me (2023) BEQ Atmos.xml,1696079173,1696079173
Movie BEQs/Crater (2023) (+4.0 gain) BEQ DD+ Atmos.xml,1696166999,1696166999
Movie BEQs/Gran Turismo (2023) (-2.0 gain) BEQ DD+ Atmos.xml,1696292166,1696292166
Movie BEQs/The Equalizer 3 (2023) (+4.0 gain) BEQ DD+.xml,1696379267,1696379267
Movie BEQs/The Nun II (2023) (+0.5 gain) BEQ DD+ Atmos.xml,1696379267,1696379267
Movie BEQs/Haunted Mansion (2023) (+4.5 gain) BEQ DD+ Atmos.xml,1696463131,1696463131
Movie BEQs/Transformers- Rise of the Beasts (2023) (+2.5 gain) BEQ Atmos.xml,1696463131,1696463131
Movie BEQs/Pet Sematary- Bloodlines (2023) (+4.5 gain) BEQ DD+ Atmos.xml,1696601296,1696601296
Movie BEQs/Totally Killer (2023) (Amazon) BEQ DD+ Atmos.xml,1696601296,1696614177
Movie BEQs/Elemental (2023) (+5.5 gain) BEQ Atmos.xml,1696811001,1696811001
Movie BEQs/Expend4bles (2023) (+1.0 gain) BEQ DD+ Atmos.xml,1697238619,1697238619
Movie BEQs/Mission- Impossible - Dead Reckoning Part One (2023) (-1.0 gain) BEQ DD+ Atmos.xml,1697238619,1697238619
Movie BEQs/The 'Burbs (1989) (+3.5 gain) BEQ FLAC 2.0.xml,1697315548,1697315548
Movie BEQs/Barbie (2023) (+2.0 gain) BEQ Atmos.xml,1697414658,1697414658
Movie BEQs/I Know What You Did Last Summer (1997) (-1.0 gain) BEQ Atmos.xml,1697414658,1697414658
Movie BEQs/I Still Know What You Did Last Summer (1998) (+1.0 gain) BEQ Atmos.xml,1697414658,1697414658
Movie BEQs/Mary and The Witch's Flower (2017) (+1.5 gain) BEQ DTS-HD MA 5.1.xml,1697414658,1697417159
Movie BEQs/Scream 2 (1997) (+5.0 gain) BEQ DTS-HD MA 5.1.xml,1697414658,1697414658
Movie BEQs/Scream 3 (2000) (+5.5 gain) BEQ DTS-HD MA 5.1.xml,1697414658,1697414658
Movie BEQs/Scream 4 (2011) (+2.5 gain) BEQ DTS-HD MA 5.1.xml,1697414658,1697414658
Movie BEQs/The Boogeyman (2023) (-2.0 gain) BEQ DTS-HD MA 5.1.xml,1697414658,1699918614
Movie BEQs/The Mist (2007) (+3.0 gain) BEQ Atmos.xml,1697414658,1698541735
Movie BEQs/Wedding Crashers (2005) (UNRATED) (+4.5 gain) BEQ TrueHD 5.1.xml,1697414658,1697414658
Movie BEQs/The Last Voyage of the Demeter (2023) (+1.0 gain) BEQ Atmos.xml,1698106478,1698106478
Movie BEQs/Haunted Mansion (2023) (+4.5 gain) BEQ Atmos.xml,1698190870,1698190870
Movie BEQs/Meg 2- The Trench (2023) (+4.5 gain) BEQ Atmos.xml,1698190870,1698190870
TV Shows BEQ/deletme.txt,1698467460,1698467460
Movie BEQs/Blue Beetle (2023) Atmos.jpg,1698476184,1698476184
Movie BEQs/Constantine (2005) TrueHD 5.1.jpg,1698476184,1698476184
Movie BEQs/Evil Dead Rise (2023) Atmos.jpg,1698476184,1698476184
Movie BEQs/MI Dead Reckoning Pt 1 (2023) Atmos.jpg,1698476184,1698476184
Movie BEQs/Saw X (2023) DD+ Atmos.jpg,1698476184,1698476184
Movie BEQs/Blue Beetle (2023) (+4.0 gain) BEQ Atmos.xml,1698477632,1698477632
Movie BEQs/Constantine (2005) (+1.0 gain) BEQ TrueHD 5.1.xml,1698477632,1698477632
Movie BEQs/Evil Dead Rise (2023) (+2.0 gain) BEQ Atmos.xml,1698477632,1698477632
Movie BEQs/Mission- Impossible - Dead Reckoning Part One (2023) (-1.0 gain) BEQ Atmos.xml,1698477632,1698479494
Movie BEQs/Saw X (2023) (+3.0 gain) BEQ DD+ Atmos.xml,1698477632,1698477632
Movie BEQs/LEGO Marvel Avengers- Code Red (2023) (Disney+) (+5.5 gain) BEQ DD+.xml,1698506384,1698506384
TV Shows BEQ/The Fall of the House of Usher (2023) (Season 1) (Netflix) (+2.0 gain) BEQ DD+ Atmos.xml,1698506355,1698506355
Movie BEQs/Mortal Kombat Legends- Battle of the Realms (2021) (+1.0 gain) BEQ DTS-HD MA 5.1.xml,1698541735,1698541735
Movie BEQs/Mortal Kombat Legends- Cage Match (2023) (+3.0 gain) BEQ DTS-HD MA 5.1.xml,1698541735,1698541735
Movie BEQs/Mortal Kombat Legends- Scorpion's Revenge (2020) (+1.0 gain) BEQ DTS-HD MA 5.1.xml,1698541735,1698541735
Movie BEQs/Mortal Kombat Legends- Snow Blind (2022) BEQ DTS-HD MA 5.1.xml,1698541735,1698541735
Movie BEQs/Captain Phillips (2013) (-1.5 gain) BEQ DTS-HD MA 5.1.xml,1698616466,1698616466
Movie BEQs/The 5th Wave (2016) (+0.5 gain) BEQ Atmos.xml,1698616466,1698616466
Movie BEQs/A Haunting in Venice (2023) (+5.5 gain) BEQ DD+ Atmos.xml,1698811193,1698811193
Movie BEQs/Extraction (2020) (+0.5 gain) BEQ DD+ Atmos.xml,1698811193,1698811193
Movie BEQs/Red Dragon (2002) (+4.5 gain) BEQ DTS-HD MA 5.1.xml,1698811193,1698811193
Movie BEQs/Gran Turismo (2023) (-2.5 gain) BEQ Atmos.xml,1699120800,1699120800
Movie BEQs/Oppenheimer (2023) (+2.5 gain) BEQ DTS-HD MA 5.1.xml,1699512204,1699830853
Movie BEQs/The Equalizer 3 (2023) (+4.0 gain) BEQ Atmos.xml,1699559568,1699559568
Movie BEQs/The Nun II (2023) (+1.0 gain) BEQ Atmos.xml,1699559568,1699559568
Movie BEQs/The Killer (2023) (Netflix) (+1.0 gain) BEQ DD+.xml,1699719137,1699719137
Movie BEQs/Violent Night (2022) (+6.0 gain) BEQ Atmos.xml,1699719137,1699719137
Movie BEQs/The Creator (2023) (Amazon) (+1.5 gain) BEQ DD+.xml,1699926029,1699926029
Movie BEQs/The Princess (2022) (+5.0 gain) BEQ DD+ Atmos.xml,1699926029,1699926029
Movie BEQs/The Creator (2023) DD+ Atmos.jpg,1700009264,1700009264
Movie BEQs/The Creator (2023) (+2.5 gain) BEQ DD+ Atmos.xml,1700010345,1700010345
Movie BEQs/Foe (2023) (Amazon) BEQ DD+ Atmos.xml,1700269435,1700269435
Movie BEQs/PAW Patrol- The Mighty Movie (2023) (Amazon) (+5.0 gain) BEQ DD+ Atmos.xml,1700269435,1700269435
Movie BEQs/Rumble (2021) (+3.5 gain) BEQ DTS-HD MA 5.1.xml,1700269435,1700269435
Movie BEQs/Teenage Mutant Ninja Turtles- Mutant Mayhem (2023) (+2.5 gain) BEQ Atmos.xml,1700269435,1700269435
Movie BEQs/All Quiet on the Western Front (2022) (+3.0 gain) BEQ Atmos.xml,1700288206,1700288206
Movie BEQs/All Quiet on the Western Front (2022) (+4.5 gain) BEQ DTS-HD MA 5.1.xml,1700288206,1700288206
Movie BEQs/Monarch- Legacy of Monsters (2023) (Season 1) (Apple TV+) (+1.5 gain) BEQ DD+ Atmos.xml,1700323736,1700323736
Movie BEQs/Under the Boardwalk (2023) (Amazon) (+1.5 gain) BEQ DD+.xml,1700338168,1700338168
Movie BEQs/The Fugitive (1993) (+4.5 gain) BEQ Atmos.xml,1700442417,1700442417
Movie BEQs/Trolls Band Together (2023) (+6.5 gain) BEQ DD+ Atmos.xml,1700608218,1700608218
TV Shows BEQ/Monarch- Legacy of Monsters (2023) (Season 1) (Apple TV+) (+1.5 gain) BEQ DD+ Atmos.xml,1700608706,1700697365
Movie BEQs/The Marsh King's Daughter (2023) (+1.5 gain) BEQ DD+.xml,1700612051,1700612051
Movie BEQs/Blackhat (2015) (U.S. Cut) (+2.0 gain) BEQ DTS-HD MA 5.1.xml,1700712098,1700712098
Movie BEQs/Butcher's Crossing (2022) (Amazon) (+2.5 gain) BEQ DD+.xml,1700712098,1700712098
Movie BEQs/The Twilight Saga- Breaking Dawn - Part 1 (2011) (+2.0 gain) BEQ Atmos.xml,1700751479,1700751479
Movie BEQs/The Twilight Saga- Breaking Dawn - Part 2 (2012) (+0.5 gain) BEQ Atmos.xml,1700751479,1700751479
Movie BEQs/The Twilight Saga- Eclipse (2010) (+3.0 gain) BEQ Atmos.xml,1700751479,1700751479
Movie BEQs/The Twilight Saga- New Moon (2009) (+2.5 gain) BEQ Atmos.xml,1700751479,1700751479
Movie BEQs/Twilight (2008) (+4.5 gain) BEQ Atmos.xml,1700751479,1700751479
Movie BEQs/Oppenheimer (2023) (-3.0 gain) BEQ DTS-HD MA 5.1.xml,1700758921,1700758921
Movie BEQs/Les Misérables (2012) (+3.0 gain) BEQ Atmos.xml,1700769688,1700769688
Movie BEQs/Five Nights at Freddy's (2023) (Peacock) BEQ DD+.xml,1701016754,1701016754
Movie BEQs/Indiana Jones and the Dial of Destiny (2023) (+2.0 gain) BEQ Atmos.xml,1701109650,1701109650
Movie BEQs/Tomorrowland (2015) BEQ DTS-HD MA 7.1.xml,1701122760,1701122760
Movie BEQs/The Incredible Hulk (2008) BEQ Atmos.xml,1701129672,1701129672
Movie BEQs/Five Nights at Freddy's (2023) (+2.0 gain) BEQ DD+ Atmos.xml,1701218363,1701218363
Movie BEQs/Freelance (2023) (Amazon) (+3.5 gain) BEQ DD+.xml,1701234278,1701234278
Movie BEQs/Expend4bles (2023) (+0.5 gain) BEQ Atmos.xml,1701307429,1701307429
Movie BEQs/I Am Number Four (2011) (-1.0 gain) BEQ DTS-HD MA 5.1.xml,1701322023,1757550028
Movie BEQs/The Kill Room (2023) (+7.5 gain) BEQ DTS-HD MA 5.1.xml,1701322023,1701322023
TV Shows BEQ/Monarch- Legacy of Monsters (2023) (Season 1E03) (Apple TV+) (+1.5 gain) BEQ DD+ Atmos.xml,1701481253,1701481253
"TV Shows BEQ/Monarch- Legacy of Monsters (2023) (Season 1E1-2, 4) (Apple TV+) (+1.5 gain) BEQ DD+ Atmos.xml",1701481253,1703869894
Movie BEQs/Renfield (2023) (+1.5 gain) BEQ Atmos.xml,1701485004,1701485004
Movie BEQs/A Haunting in Venice (2023) (+5.5 gain) BEQ DTS-HD MA 7.1.xml,1701739325,1701739325
Movie BEQs/Titan A.E. (2000) (+2.5 gain) BEQ DD+.xml,1701739373,1701739888
Movie BEQs/Hellraiser (2022) (Disney+) (+4.5 gain) BEQ DD+ Atmos.xml,1701904090,1701904090
Movie BEQs/There's Something in the Barn (2023) (+4.0 gain) BEQ DD+.xml,1701904090,1701904090
Movie BEQs/Last Sentinel (2023) (+5.0 gain) BEQ DTS-HD MA 5.1.xml,1702011029,1702011029
Movie BEQs/The Creator (2023) (+2.5 gain) BEQ DTS-HD MA 7.1.xml,1702011029,1702011029
Movie BEQs/Unstoppable (2010) (-1.5 gain) BEQ DTS 5.1.xml,1702011029,1702011969
Movie BEQs/The Creator (2023) (+2.5 gain) BEQ Atmos.xml,1702070516,1702070516
Movie BEQs/Unstoppable (2010) (-1.5 gain) BEQ DTS-HD MA 5.1.xml,1702070516,1702070516
TV Shows BEQ/Monarch- Legacy of Monsters (2023) (Season 1E05) (Apple TV+) (+5.0 gain) BEQ DD+ Atmos.xml,1702137047,1702615557
Movie BEQs/Leave the World Behind (2023) (Netflix) (+2.0 gain) BEQ DD+ Atmos.xml,1702141377,1702141377
Movie BEQs/Puss in Boots- The Last Wish (2022) (+1.5 gain) BEQ Atmos.xml,1702151188,1702163822
Movie BEQs/Five Nights at Freddy's (2023) (+2.0 gain) BEQ Atmos.xml,1702246363,1702246363
Movie BEQs/Guillermo del Toro's Pinocchio (2022) BEQ Atmos.xml,1702246363,1702246839
Movie BEQs/The Abyss (1989) (Amazon) (+2.0 gain) BEQ DD+ Atmos.xml,1702348597,1702348597
Movie BEQs/True Lies (1994) (Amazon) (+1.5 gain) BEQ DD+ Atmos.xml,1702348597,1702349001
Movie BEQs/The Abyss (1989) (+2.0 gain) BEQ DD+ Atmos.xml,1702514038,1702514038
Movie BEQs/True Lies (1994) (+1.5 gain) BEQ DD+ Atmos.xml,1702514038,1702514038
Movie BEQs/Young Guns (1988) (+2.5 gain) BEQ Atmos.xml,1702514038,1702514038
Movie BEQs/Awaken (2018) (-1.0 gain) BEQ DTS-HD MA 7.1.xml,1702521193,1702521193
Movie BEQs/Brotherhood of the Wolf (2001) (Director's Cut) (+4.0 gain) BEQ Atmos.xml,1702601176,1702601176
Movie BEQs/Krampus (2015) (Naughty Cut) (+5.5 gain) BEQ Atmos.xml,1702601176,1702601176
Movie BEQs/The Family Plan (2023) (Apple TV+) (+2.5 gain) BEQ DD+ Atmos.xml,1702617879,1702617879
"TV Shows BEQ/Monarch- Legacy of Monsters (2023) (Season 1E3, 6) (Apple TV+) (+1.0 gain) BEQ DD+ Atmos.xml",1702617947,1702617947
Movie BEQs/Finestkind (2023) (Amazon) BEQ DD+.xml,1702684247,1702684247
Movie BEQs/True History of the Kelly Gang (2019) (-1.0 gain) BEQ DTS-HD MA 5.1.xml,1702684247,1702684247
Movie BEQs/Chicken Run- Dawn of the Nugget (2023) (Netflix) (+3.5 gain) BEQ DD+ Atmos.xml,1702745861,1702745861
Movie BEQs/The Hunger Games- The Ballad of Songbirds & Snakes (2023) (+5.0 gain) BEQ DD+ Atmos.xml,1703035882,1703035882
Movie BEQs/Silent Night (2023) (+2.0 gain) BEQ DD+ Atmos.xml,1703038755,1703038755
Movie BEQs/Face Off (1998) (-4 gain) DTS-HD MA 5.1.jpg,1703042625,1703042625
Movie BEQs/Face Off (1998) DTS-HD MA 5.1.jpg,1703042625,1703042625
Movie BEQs/Face Off (1998) (-4.0 gain) BEQ DTS-HD MA 5.1.xml,1703043247,1703045208
TV Shows BEQ/Monarch- Legacy of Monsters (2023) (Season 1E7) (Apple TV+) (+3.5 gain) BEQ DD+ Atmos.xml,1703298091,1703298091
Movie BEQs/Rebel Moon - Part One- A Child of Fire (2023) (Netflix) BEQ DD+ Atmos.xml,1703348360,1703348360
Movie BEQs/Dream Scenario (2023) (+6.5 gain) BEQ DD+.xml,1703350420,1703350420
Movie BEQs/Aliens (1986) (Special Edition) (Amazon) (+3.0 gain) BEQ DD+.xml,1703657262,1703657262
Movie BEQs/Reign of Fire (2002) BEQ TrueHD 5.1.xml,1703657262,1703657262
"TV Shows BEQ/Monarch- Legacy of Monsters (2023) (Season 1E1-2, 4, 8) (Apple TV+) (+1.5 gain) BEQ DD+ Atmos.xml",1703889534,1703889534
TV Shows BEQ/Lawmen- Bass Reeves (2023) (Season 1) (Amazon) (+1.0 gain) BEQ DD+.xml,1703916076,1703916076
"TV Shows BEQ/What If...- (2023) (Season 2E1-4, 6-9) (Disney+) (+4.0 gain) BEQ DD+ Atmos.xml",1704183289,1704183289
TV Shows BEQ/What If...- (2023) (Season 2E5) (Disney+) (+5.5 gain) BEQ DD+ Atmos.xml,1704183289,1704183289
TV Shows BEQ/Twisted Metal (2023) (Season 1) (Peacock) (+2.0 gain) BEQ DD+.xml,1704391069,1704391069
"TV Shows BEQ/Monarch- Legacy of Monsters (2023) (Season 1E1-2, 4, 8-9) (Apple TV+) (+1.5 gain) BEQ DD+ Atmos.xml",1704475433,1704475433
TV Shows BEQ/Monarch- Legacy of Monsters (2023) (Season 1E3) (Disney+) (+1.0 gain) BEQ DD+ Atmos.xml,1704479830,1704479830
TV Shows BEQ/Monarch- Legacy of Monsters (2023) (Season 1E6) (Disney+) (+1.0 gain) BEQ DD+ Atmos.xml,1704479830,1704479830
Movie BEQs/Avatar (2009) (Extended Collector's Edition) (+1.0 gain) BEQ DTS-HD MA 5.1.xml,1704524941,1704524941
Movie BEQs/Doom (2005) (Unrated Extended Cut) BEQ DTS-X.xml,1704649120,1704649120
Movie BEQs/Prey (2022) (-3.5 gain) BEQ DTS-HD MA 7.1.xml,1704649120,1704649120
Movie BEQs/The Abyss (1989) (Special Edition) (+1.0 gain) BEQ DD+ Atmos.xml,1704649120,1704649742
Movie BEQs/Justice League- Crisis on Infinite Earths Part One (2024) (Amazon) (+3.0 gain) BEQ DD+.xml,1704846715,1704846715
Movie BEQs/Napoleon (2023) (+3.0 gain) BEQ DD+ Atmos.xml,1704846715,1704846715
Movie BEQs/Justice League- Crisis on Infinite Earths Part One (2024) (+7.5 gain) BEQ DTS-HD MA 5.1.xml,1705153459,1705153459
TV Shows BEQ/Monarch- Legacy of Monsters (2023) (Season 1E10) (Disney+) BEQ DD+ Atmos.xml,1705155176,1705155176
TV Shows BEQ/Monarch- Legacy of Monsters (2023) (Season 1E10) (Apple TV+) BEQ DD+ Atmos.xml,1705158265,1705158265
TV Shows BEQ/Monarch- Legacy of Monsters (2023) (Season 1E3) (Apple TV+) (+1.0 gain) BEQ DD+ Atmos.xml,1705158268,1705158268
TV Shows BEQ/Monarch- Legacy of Monsters (2023) (Season 1E6) (Apple TV+) (+1.0 gain) BEQ DD+ Atmos.xml,1705158271,1705158271
Movie BEQs/Role Play (2024) (Amazon) (+5.0 gain) BEQ DD+ Atmos.xml,1705159210,1705159210
Movie BEQs/The Marvels (2023) BEQ DD+ Atmos.xml,1705385642,1705385642
Movie BEQs/Lift (2024) (Netflix) (+1.5 gain) BEQ DD+ Atmos.xml,1705416971,1705417481
"TV Shows BEQ/Echo (2024) (Season 1E1, 3-5) (+1.5 gain) BEQ DD+ Atmos.xml",1705425141,1705425141
TV Shows BEQ/Echo (2024) (Season 1E2) (-0.5 gain) BEQ DD+ Atmos.xml,1705425141,1705425141
TV Shows BEQ/True Detective (2024) (Season 4E1) (HBOMax) (+5.0 gain) BEQ DD+ Atmos.xml,1705429584,1707544935
Movie BEQs/Paprika (2006) (+2.5 gain) BEQ DTS-HD MA 5.1.xml,1705444380,1705444380
Movie BEQs/Paprika (2006) BEQ DTS-HD MA 5.1.xml,1705540471,1705540471
Movie BEQs/The Raid (2011) (Unrated) (-2.0 gain) BEQ Atmos.xml,1705719792,1705729543
Movie BEQs/The Raid (2011) (Unrated) BEQ DTS-HD MA 5.1.xml,1705724887,1705724887
Movie BEQs/Wonka (2023) (+5.5 gain) BEQ DD+ Atmos.xml,1705804626,1705804626
TV Shows BEQ/True Detective (2024) (Season 4E2) (HBOMax) (+5.0 gain) BEQ DD+ Atmos.xml,1705978361,1705978361
Movie BEQs/Aquaman and the Lost Kingdom (2023) (-0.5 gain) BEQ DD+ Atmos.xml,1706068271,1706415381
Movie BEQs/Ferrari (2023) (Amazon) (-0.5 gain) BEQ DD+ Atmos.xml,1706068271,1706068271
Movie BEQs/Migration (2023) (+5.0 gain) BEQ DD+ Atmos.xml,1706068271,1706068271
Movie BEQs/Wish (2023) (+4.5 gain) BEQ DD+ Atmos.xml,1706068271,1706068271
Movie BEQs/Freelance (2023) (+5.0 gain) BEQ DTS-HD MA 5.1.xml,1706371766,1706371766
Movie BEQs/The Underdoggs (2024) (Amazon) (+4.0 gain) BEQ DD+.xml,1706371766,1706371766
Movie BEQs/Silent Night (2023) (+2.0 gain) BEQ Atmos.xml,1706668614,1706668614
Movie BEQs/The Beekeeper (2024) (+3.0 gain) BEQ DD+ Atmos.xml,1706668614,1706668614
Movie BEQs/The Exorcist- Believer (2023) BEQ Atmos.xml,1706670287,1706670287
TV Shows BEQ/True Detective (2024) (Season 4E3) (HBOMax) (+5.5 gain) BEQ DD+ Atmos.xml,1706670283,1707545124
TV Shows BEQ/Masters of the Air (2024) (Season 1E1) (Apple TV+) (+1.5 gain) BEQ DD+ Atmos.xml,1706671251,1706671251
TV Shows BEQ/Masters of the Air (2024) (Season 1E2) (Apple TV+) (+1.5 gain) BEQ DD+ Atmos.xml,1706671251,1706671251
TV Shows BEQ/Masters of the Air (2024) (Season 1E2-3) (Apple TV+) (+2.0 gain) BEQ DD+ Atmos.xml,1707245020,1707245020
"TV Shows BEQ/true detective (2024) (Season 4E2, 4) (HBOMax) (+4.5 gain) BEQ DD+ Atmos.xml",1707246986,1707246986
Movie BEQs/The Tiger's Apprentice (2024) (+2.5 gain) BEQ DD+ Atmos.xml,1707248696,1707248696
Movie BEQs/The Marvels (2023) BEQ Atmos.xml,1707338702,1707338702
"TV Shows BEQ/Masters of the Air (2024) (Season 1E1, 4) (+1.5 gain) BEQ DD+ Atmos.xml",1707502900,1707502900
TV Shows BEQ/halo (2024) (Season 2E1-2) (Peacock) (+4.5 gain) BEQ DD+ Atmos.xml,1707524086,1707524086
TV Shows BEQ/Halo (2024) (Season 2E1-2) (Peacock) (+4.5 gain) BEQ DD+ Atmos.xml,1707524275,1707524275
TV Shows BEQ/Halo (2024) (Season 2E1-2) (Paramount+) (+4.5 gain) BEQ DD+ Atmos.xml,1707524499,1707525221
TV Shows BEQ/True Detective (2024) (Season 4E5) (HBOMax) (+4.5 gain) BEQ DD+ Atmos.xml,1707542564,1707542564
"TV Shows BEQ/True Detective (2024) (Season 4E2, 4) (HBOMax) (+4.5 gain) BEQ DD+ Atmos.xml",1707544257,1707544257
TV Shows BEQ/Halo (2022) (Season 1E1-2) (+4.0 gain) BEQ Atmos.xml,1707551298,1707551298
TV Shows BEQ/Halo (2022) (Season 1E3-9) (+4.0 gain) BEQ Atmos.xml,1707551298,1707551298
TV Shows BEQ/Halo (2024) (Season 2E1-3) (Paramount+) (+4.5 gain) BEQ DD+ Atmos.xml,1708044727,1708045205
Movie BEQs/Land of Bad (2024) (+2.0 gain) BEQ DD+.xml,1708126644,1708142085
Movie BEQs/The Hunger Games- The Ballad of Songbirds & Snakes (2023) (+5.0 gain) BEQ Atmos.xml,1708126644,1708126644
"TV Shows BEQ/Masters of the Air (2024) (Season 1E1, 4-5) (Apple TV+) (+1.5 gain) BEQ DD+ Atmos.xml",1708188148,1708188148
TV Shows BEQ/True Detective (2024) (Season 4E6) (HBOMax) (+4.0 gain) BEQ DD+ Atmos.xml,1708388436,1708388436
TV Shows BEQ/Formula 1- Drive to Survive (2024) (Season 6) (Netflix) (+4.0 gain) BEQ DD+ Atmos.xml,1708707044,1708707044
TV Shows BEQ/Halo (2024) (Season 2E1-4) (Paramount+) (+4.5 gain) BEQ DD+ Atmos.xml,1708707044,1708707044
"TV Shows BEQ/Masters of the Air (2024) (Season 1E1, 4-6) (Apple TV+) (+2.0 gain) BEQ DD+ Atmos.xml",1708707044,1708707044
Movie BEQs/Wonka (2023) (+5.5 gain) BEQ Atmos.xml,1708795323,1708796290
Movie BEQs/Species (1995) (+1.0 gain) BEQ DTS-HD MA 5.1.xml,1708885644,1708885644
Movie BEQs/Van Helsing (2004) (-6.0 gain) BEQ DTS-X.xml,1708885644,1708885644
Movie BEQs/Assassin's Creed (2016) (-4.5 gain) BEQ Atmos.xml,1708888993,1759291179
Movie BEQs/Paprika (2006) (+1.5 gain) BEQ Atmos.xml,1708967605,1708967605
Movie BEQs/Paprika (2006) (+5.0 gain) BEQ DTS-HD MA 5.1.xml,1708967605,1708967605
Movie BEQs/Migration (2023) (+5.0 gain) BEQ Atmos.xml,1708969237,1708969237
TV Shows BEQ/Star Wars- The Bad Batch (2021) (Season 1E1-14) (Disney+) (+2.5 gain) BEQ DD+.xml,1709003331,1709003331
TV Shows BEQ/Star Wars- The Bad Batch (2021) (Season 1E15) (Disney+) (+0.5 gain) BEQ DD+.xml,1709003331,1709003331
TV Shows BEQ/Star Wars- The Bad Batch (2021) (Season 1E16) (Disney+) (-1.0 gain) BEQ DD+.xml,1709003331,1709003331
"TV Shows BEQ/Star Wars- The Bad Batch (2022) (Season 2E1-4, 6-8, 10, 12-16) (Disney+) BEQ DD+.xml",1709009597,1709009597
"TV Shows BEQ/Star Wars- The Bad Batch (2022) (Season 2E5, 9, 11) (Disney+) BEQ DD+.xml",1709009597,1709009597
TV Shows BEQ/Shōgun (2024) (+5.5 gain) BEQ DD+.xml,1709026295,1709026295
TV Shows BEQ/Star Wars- The Bad Batch (2024) (Season 3E1) (Disney+) (+3.0 gain) BEQ DD+.xml,1709026295,1709026295
TV Shows BEQ/Star Wars- The Bad Batch (2024) (Season 3E2-3) (Disney+) BEQ DD+.xml,1709026295,1709026295
TV Shows BEQ/Shōgun (2024) (Season 1) BEQ DD+.xml,1709026819,1709027258
Movie BEQs/Lisa Frankenstein (2024) (+5.0 gain) BEQ DD+ Atmos.xml,1709058300,1709058300
TV Shows BEQ/All the Light We Cannot See (2023) (Season 1) (Netflix) (+1.5 gain) BEQ DD+ Atmos.xml,1709088317,1709088317
TV Shows BEQ/Star Wars- The Bad Batch (2024) (Season 3E4) (Disney+) (+1.0 gain) BEQ DD+.xml,1709143470,1709143470
TV Shows BEQ/Halo (2024) (Season 2E1-5) (Paramount+) (+4.5 gain) BEQ DD+ Atmos.xml,1709230163,1709231052
"TV Shows BEQ/Masters of the Air (2024) (Season 1E1, 4-7) (Apple TV+) (+2.0 gain) BEQ DD+ Atmos.xml",1709326762,1709326762
TV Shows BEQ/Ahsoka (2023) (Season 1) (Disney+) (-1.0 gain) BEQ DD+ Atmos.xml,1709445457,1709445457
TV Shows BEQ/Shōgun (2024) (Season 1) (+5.5 gain) BEQ DD+.xml,1709664224,1709668890
"TV Shows BEQ/Star Wars- The Bad Batch (2024) (Season 3E1, 4) (Disney+) (+2.0 gain) BEQ DD+.xml",1709771110,1709771110
"TV Shows BEQ/Star Wars- The Bad Batch (2024) (Season 3E2-3, 5) (Disney+) (+2.0 gain) BEQ DD+.xml",1709771110,1709771110
TV Shows BEQ/The Mandalorian (2023) (Season 3) (Disney+) BEQ DD+ Atmos.xml,1709786185,1709786185
TV Shows BEQ/Halo (2024) (Season 2) (+4.5 gain) BEQ DD+ Atmos.xml,1709853661,1710465228
"TV Shows BEQ/Masters of the Air (2024) (Season 1E1, 4-8) (Apple TV+) (+2.0 gain) BEQ DD+ Atmos.xml",1709937232,1709937232
Movie BEQs/Aquaman and the Lost Kingdom (2023) (-0.5 gain) BEQ Atmos.xml,1710127559,1710127559
"TV Shows BEQ/Star Wars- The Bad Batch (2024) (Season 3E2-3, 5-7) (Disney+) (+2.0 gain) BEQ DD+.xml",1710373271,1710373271
"TV Shows BEQ/Masters of the Air (2024) (Season 1E2-3, 9) (Apple TV+) (+2.0 gain) BEQ DD+ Atmos.xml",1710470548,1710470548
Movie BEQs/Madame Web (2024) (+2.0 gain) BEQ DD+ Atmos.xml,1710537465,1710537465
Movie BEQs/The Abyss (1989) (+2.0 gain) BEQ Atmos.xml,1710543955,1710543955
Movie BEQs/The Abyss (1989) (Special Edition) (+1.0 gain) BEQ Atmos.xml,1710544551,1710544551
Movie BEQs/Wish (2023) (+4.5 gain) BEQ Atmos.xml,1710545217,1710546269
Movie BEQs/Damsel (2024) (Netflix) (+1.0 gain) BEQ DD+ Atmos.xml,1710546696,1710546696
Movie BEQs/Aliens (1986) (Special Edition) (-1.0 gain) BEQ Atmos.xml,1710598542,1710598542
Movie BEQs/Aliens (1986) (Theatrical Cut - Special Edition) (-1.0 gain) BEQ Atmos.xml,1710602628,1710602628
Movie BEQs/Aliens (1986) (-1.0 gain) BEQ Atmos.xml,1710602839,1710603391
Movie BEQs/The Fugitive (1993) (+2.0 gain) BEQ Atmos.xml,1710636889,1710636889
Movie BEQs/Reign of Fire (2002) (-4.0 gain) BEQ TrueHD 5.1.xml,1710651424,1710651424
Movie BEQs/True Lies (1994) (+1.5 gain) BEQ Atmos.xml,1710693274,1710693274
TV Shows BEQ/Halo (2024) (Season 2) (+4.0 gain) BEQ DD+ Atmos.xml,1711127383,1711127383
Movie BEQs/Road House (2024) (Amazon) (+3.5 gain) BEQ DD+.xml,1711140206,1711140383
TV Shows BEQ/Shogun (2024) (Season 1E5) (+5.5 gain) BEQ DD+.xml,1712007967,1712007967
TV Shows BEQ/Shogun (2024) (Season 1E6) (+5.5 gain) BEQ DD+.xml,1712007967,1712007967
TV Shows BEQ/Shōgun (2024) (Season 1E5) (+5.5 gain) BEQ DD+.xml,1712012608,1712012608
TV Shows BEQ/Shōgun (2024) (Season 1E6) (+5.5 gain) BEQ DD+.xml,1712012612,1712012612
TV Shows BEQ/Shōgun (2024) (Season 1E1-4) (+5.5 gain) BEQ DD+.xml,1712013546,1712013546
"TV Shows BEQ/Shogun (2024) (Season 1E1-4, 7) (+5.5 gain) BEQ DD+.xml",1712172520,1712172520
TV Shows BEQ/X-Men '97 (2024) (Season 1) (Disney+) (+3.5 gain) BEQ DD+ Atmos.xml,1712173824,1712173824
"TV Shows BEQ/Shōgun (2024) (Season 1E1-4, 7) (+5.5 gain) BEQ DD+.xml",1712174099,1712174099
TV Shows BEQ/Fallout (2024) (Season 1) (Amazon) BEQ DD+ Atmos.xml,1713016771,1713016771
Movie BEQs/Dune- Part Two (2024) (-6.5 gain) BEQ DD+ Atmos.xml,1713221272,1713221272
"TV Shows BEQ/Shōgun (2024) (Season 1E1-4, 7-9) (+5.5 gain) BEQ DD+.xml",1713310218,1716858298
Movie BEQs/Rebel Moon - Part Two- The Scargiver (2024) (Netflix) (-2.0 gain) BEQ DD+ Atmos.xml,1713563766,1713563766
Movie BEQs/Godzilla Minus One (2023) (-5.0 gain) BEQ Atmos.xml,1714784272,1717257718
Movie BEQs/The Beekeeper (2024) (+3.0 gain) BEQ Atmos.xml,1714797243,1714797243
Movie BEQs/Madame Web (2024) (+2.0 gain) BEQ Atmos.xml,1714803932,1714803932
TV Shows BEQ/Shōgun (2024) (Season 1E10) (+6.5 gain) BEQ DD+.xml,1714835350,1716858462
Movie BEQs/Dune- Part Two (2024) (-6.5 gain) BEQ Atmos.xml,1715387318,1715387318
"TV Shows BEQ/Star Wars- The Bad Batch (2024) (Season 3E2-3, 5-10, 14) (Disney+) (+2.0 gain) BEQ DD+.xml",1715391093,1715391093
"TV Shows BEQ/Star Wars- The Bad Batch (2024) (Season S3E1, 4, 11-13, 15) (Disney+) (+2.0 gain) BEQ DD+.xml",1715391093,1715391093
Movie BEQs/Abigail (2024) (+1.5 gain) BEQ DD+ Atmos.xml,1715436167,1715436167
Movie BEQs/Ghostbusters- Frozen Empire (2024) (+1.5 gain) BEQ DD+.xml,1715436167,1718927181
Movie BEQs/The Ministry of Ungentlemanly Warfare (2024) (+1.5 gain) BEQ DD+ Atmos.xml,1715436167,1715436167
Movie BEQs/Fall (2022) (+4.0 gain) BEQ Atmos.xml,1715446271,1715446271
Movie BEQs/Titanic (1997) BEQ Atmos.xml,1715446271,1715446271
Movie BEQs/Knock at the Cabin (2023) (+5.0 gain) BEQ Atmos.xml,1715459874,1715459874
Movie BEQs/Puss in Boots (2011) (+4.5 gain) BEQ DTS-X.xml,1715459874,1715459874
Movie BEQs/Saw X (2023) (+3.0 gain) BEQ Atmos.xml,1715459874,1715459874
Movie BEQs/The Woman King (2022) (+2.0 gain) BEQ Atmos.xml,1715472606,1715472606
Movie BEQs/Total Recall (2012) (Theatrical) (-1.0 gain) BEQ TrueHD 5.1.xml,1715481714,1715481714
Movie BEQs/Godzilla x Kong- The New Empire (2024) (Amazon) (-1.5 gain) BEQ Atmos.xml,1715646235,1715651128
Movie BEQs/Godzilla x Kong- The New Empire (2024) (iTunes) (-1.5 gain) BEQ DD+ Atmos.xml,1715823339,1715823339
"TV Shows BEQ/X-Men '97 (2024) (Season 1E1-4, 6-10) (Disney+) (+3.5 gain) BEQ DD+ Atmos.xml",1715906234,1715906234
TV Shows BEQ/X-Men '97 (2024) (Season 1E5) (Disney+) (+1.5 gain) BEQ DD+ Atmos.xml,1715907670,1715907670
Movie BEQs/JL- CoIEP2 (2024) (+6 gain) DTS-HD MA 5.1.jpg,1715999506,1715999506
Movie BEQs/JL- CoIEP2 (2024) DTS-HD MA 5.1.jpg,1715999506,1715999506
Movie BEQs/Justice League- Crisis on Infinite Earths Part Two (2024) (+6.0 gain) BEQ DTS-HD MA 5.1.xml,1716000076,1716000076
"TV Shows BEQ/Star Wars- The Bad Batch (2024) (Season 3E1, 4, 11-13, 15) (Disney+) (+2.0 gain) BEQ DD+.xml",1716160994,1716160994
Movie BEQs/The Fall Guy (2024) (+1.5 gain) BEQ DD+ Atmos.xml,1716351329,1716351329
Movie BEQs/Civil War (2024) (+0.5 gain) BEQ DD+ Atmos.xml,1716559780,1716559780
Movie BEQs/Atlas (2024) (Netflix) BEQ DD+ Atmos.xml,1716572916,1716572916
Movie BEQs/The Wrath of Becky (2023) (+4.5 gain) BEQ DTS-HD MA 7.1.xml,1716649368,1716649368
Movie BEQs/The First Omen (2024) (+1.0 gain) BEQ DD+ Atmos.xml,1716838840,1716839210
Movie BEQs/Godzilla Minus One (2023) (Amazon) (-3.5 gain) BEQ DD+.xml,1717257541,1717257541
TV Shows BEQ/3 Body Problem (2024) (Season 1) (Netflix) (+3.0 gain) BEQ DD+ Atmos.xml,1717298123,1717298123
Movie BEQs/Godzilla Minus One (2023) (-3.5 gain) BEQ DD+.xml,1717473514,1717473514
Movie BEQs/Godzilla x Kong- The New Empire (2024) (-1.5 gain) BEQ Atmos.xml,1717644792,1717644792
Movie BEQs/The Wolverine (2013) (-0.5 gain) BEQ DTS-HD MA 7.1.xml,1717648434,1717648434
Movie BEQs/X-Men (2000) (-2.0 gain) BEQ DTS-HD MA 5.1.xml,1717648434,1717648434
Movie BEQs/X-Men- Days of Future Past (2014) (-1.0 gain) BEQ DTS-HD MA 7.1.xml,1717648434,1717648434
Movie BEQs/X-Men- First Class (2011) BEQ DTS-HD MA 5.1.xml,1717648434,1717648434
Movie BEQs/X-Men- The Last Stand (2006) (-1.5 gain) BEQ DTS-HD MA 6.1.xml,1717648434,1717648434
Movie BEQs/X2 (2003) (-2.0 gain) BEQ DTS-HD MA 5.1.xml,1717648434,1717648434
Movie BEQs/Dark Phoenix (2019) (-3.0 gain) BEQ Atmos.xml,1717726684,1717726684
Movie BEQs/Logan (2017) (-1.0 gain) BEQ Atmos.xml,1717726684,1717726684
Movie BEQs/The New Mutants (2020) (+0.5 gain) BEQ Atmos.xml,1717726684,1717726684
Movie BEQs/X-Men- Apocalypse (2016) (-2.0 gain) BEQ Atmos.xml,1717726684,1717726684
Movie BEQs/Deadpool (2016) BEQ Atmos.xml,1717802336,1717802336
Movie BEQs/Deadpool 2 (2018) (Super Duper Cut) BEQ Atmos.xml,1717802336,1717802336
Movie BEQs/Deadpool 2: Super Duper Cut (2018) BEQ Atmos.xml,1717804076,1717804076
Movie BEQs/Deadpool 2- Super Duper Cut (2018) BEQ Atmos.xml,1717806131,1717818982
Movie BEQs/Deadpool 2 (2018) (Theatrical) BEQ Atmos.xml,1717815006,1717815006
Movie BEQs/The Wolverine (2013) (Extended Cut) (-2.0 gain) BEQ DTS-HD MA 7.1.xml,1717818982,1717818982
Movie BEQs/The Wolverine- Extended Cut (2013) (-2.0 gain) BEQ DTS-HD MA 7.1.xml,1717830987,1717975845
Movie BEQs/Real Steel (2011) (-3.5 gain) BEQ DTS-HD MA 7.1.xml,1717975062,1717975062
Movie BEQs/Ghostbusters- Frozen Empire (2024) (-1.5 gain) BEQ Atmos.xml,1718926843,1718926843
Movie BEQs/The Ministry of Ungentlemanly Warfare (2024) (+1.5 gain) BEQ Atmos.xml,1718926843,1718926843
Movie BEQs/Furiosa- A Mad Max Saga (2024) (-1.0 gain) BEQ DD+ Atmos.xml,1719269764,1719269764
Movie BEQs/Teenage Mutant Ninja Turtles (2014) BEQ Atmos.xml,1719368863,1719368863
Movie BEQs/Civil War (2024) (+0.5 gain) BEQ Atmos.xml,1720093999,1720093999
Movie BEQs/Twister (1996) (-3.0 gain) BEQ Atmos.xml,1720405180,1720405180
Movie BEQs/Kingdom of the Planet of the Apes (2024) (iTunes) (+2.5 gain) BEQ DD+ Atmos.xml,1720504196,1720504196
Movie BEQs/Abigail (2024) (+1.5 gain) BEQ Atmos.xml,1720664255,1720664255
Movie BEQs/Land of Bad (2024) BEQ TrueHD 5.1.xml,1720665787,1720665787
Movie BEQs/Space Cadet (2024) (+3.0 gain) BEQ DD+.xml,1720674715,1720674715
Movie BEQs/Abigail (2024) (+1.5 gain) BEQ TrueHD 7.1.xml,1720746046,1720746046
Movie BEQs/The Fall Guy (2024) (+1.5 gain) BEQ Atmos.xml,1721065467,1721065467
Movie BEQs/Captain Phillips (2013) BEQ Atmos.xml,1721266674,1721266674
Movie BEQs/Horizon- An American Saga - Chapter 1 (2024) (+3.0 gain) BEQ Atmos.xml,1721357666,1721357666
Movie BEQs/Horizon- An American Saga - Chapter 1 (2024) (+3.0 gain) BEQ DD+ Atmos.xml,1721357934,1721357934
Movie BEQs/Bad Boys- Ride or Die (2024) (+2.5 gain) BEQ DD+.xml,1721690410,1721690410
Movie BEQs/Metal Lords (2022) (Netflix) (+2.0 gain) BEQ DD+ Atmos.xml,1721691562,1721691562
TV Shows BEQ/The Acolyte (2024) (Season 1) (Disney+) (+3.5 gain) BEQ DD+ Atmos.xml,1721699717,1721699717
TV Shows BEQ/Those About to Die (2024) (Season 1) (Amazon) (+2.5 gain) BEQ DD+.xml,1721701504,1769297271
Movie BEQs/Bad Boys- Ride or Die (2024) (Amazon) (+2.5 gain) BEQ DD+.xml,1721789159,1721789159
Movie BEQs/Bad Boys- Ride or Die (2024) (iTunes) (+0.5 gain) BEQ DD+.xml,1721790477,1721790477
Movie BEQs/A Quiet Place- Day One (2024) (iTunes) (-1.0 gain) BEQ DD+ Atmos.xml,1722391229,1722391229
Movie BEQs/The Fall Guy (2024) (Extended Cut) (+1.5 gain) BEQ Atmos.xml,1722576207,1722713781
Movie BEQs/Justice League- Crisis on Infinite Earths Part Three (2024) (+4.5 gain) BEQ DTS-HD MA 5.1.xml,1722714222,1722714222
TV Shows BEQ/house of the dragon (2024) (Season 2) (HBOMax) (+5.5 gain) BEQ DD+ Atmos.xml,1722907166,1722907166
Movie BEQs/Clash of the Titans (2010) (-1.0 gain) BEQ DTS-HD MA 5.1.xml,1722987586,1722987586
Movie BEQs/Furiosa- A Mad Max Saga (2024) (-1.0 gain) BEQ Atmos.xml,1722994131,1722994131
TV Shows BEQ/House of the Dragon (2024) (Season 2) (HBOMax) (+5.5 gain) BEQ DD+ Atmos.xml,1722996507,1722996507
Movie BEQs/Twisters (2024) (+4.5 gain) BEQ DD+ Atmos.xml,1723420479,1723420479
Movie BEQs/Gunner (2024) (Amazon) (+5.5 gain) BEQ DD+.xml,1723821030,1723821030
Movie BEQs/The Union (2024) (Netflix) (+2.0 gain) BEQ DD+ Atmos.xml,1723821030,1723821030
Movie BEQs/Kingdom of the Planet of the Apes (2024) (+2.5 gain) BEQ Atmos.xml,1724198562,1724198562
Movie BEQs/Triple Threat (2019) (+5.0 gain) BEQ DTS-HD MA 5.1.xml,1724366558,1724366558
Movie BEQs/Land of Bad (2024) (+3.0 gain) BEQ DTS-HD MA 5.1.xml,1724726350,1724726350
Movie BEQs/Borderlands (2024) (+4.0 gain) BEQ DD+ Atmos.xml,1725036904,1725036904
Movie BEQs/Trap (2024) (+4.5 gain) BEQ DD+ Atmos.xml,1725036904,1725036904
"TV Shows BEQ/Terminator Zero (2024) (Season 1E1-5, 7-8) (Netflix) (+5.0 gain) BEQ DD+.xml",1725325217,1725325217
TV Shows BEQ/Terminator Zero (2024) (Season 1E6) (Netflix) (+5.0 gain) BEQ DD+.xml,1725325217,1725336997
Movie BEQs/Horizon- An American Saga – Chapter 1 (2024) (+6.0 gain) BEQ Atmos.xml,1725404797,1725404797
Movie BEQs/The Chronicles of Riddick (2004) (-2.5 gain) BEQ Atmos.xml,1726064965,1726064965
Movie BEQs/Bad Boys- Ride or Die (2024) (+0.5 gain) BEQ Atmos.xml,1726075786,1726075786
Movie BEQs/The Crow (2024) BEQ DD+ Atmos.xml,1726274091,1726274091
Movie BEQs/Cuckoo (2024) (Amazon) (+4.0 gain) BEQ DD+.xml,1726903717,1726903717
Movie BEQs/Despicable Me 4 (2024) (+5.0 gain) BEQ Atmos.xml,1726903717,1726903717
Movie BEQs/Longlegs (2024) (+4.0 gain) BEQ DTS-HD MA 5.1.xml,1726903717,1726903717
TV Shows BEQ/Twilight of the Gods (2024) (Season 1) (Netflix) (+4.0 gain) BEQ DD+ Atmos.xml,1726925808,1726925808
Movie BEQs/Rebel Ridge (2024) (Netflix) (+2.5 gain) BEQ DD+ Atmos.xml,1727146308,1727146308
Movie BEQs/Wolfs (2024) (Apple TV+) (+4.0 gain) BEQ DD+ Atmos.xml,1727474118,1727474118
Movie BEQs/Amber Alert (2024) (Amazon) (+7.0 gain) BEQ DD+.xml,1727484295,1727484589
Movie BEQs/Apartment 7A (2024) (Amazon) (+7.0 gain) BEQ DD+ Atmos.xml,1727484295,1727484295
Movie BEQs/Harold and the Purple Crayon (2024) (Amazon) (+4.5 gain) BEQ DD+ Atmos.xml,1727499589,1727499589
Movie BEQs/Serenity (2005) (-2.5 gain) BEQ DTS-X.xml,1727625252,1727625252
Movie BEQs/Deadpool & Wolverine (2024) (+0.5 gain) BEQ DD+ Atmos.xml,1727737236,1729317133
Movie BEQs/Speak No Evil (2024) (+7.0 gain) BEQ DD+ Atmos.xml,1727832397,1727832397
TV Shows BEQ/The Lord of the Rings- The Rings of Power (2022) (Season 1) BEQ DD+ Atmos.xml,1727993387,1727993387
TV Shows BEQ/The Lord of the Rings- The Rings of Power (2024) (Season 2) (-1.5 gain) BEQ DD+ Atmos.xml,1727993387,1727993387
Movie BEQs/The Killer's Game (2024) (+0.5 gain) BEQ DD+ Atmos.xml,1728046380,1728046380
Movie BEQs/Beetlejuice Beetlejuice (2024) (+5.0 gain) BEQ DD+ Atmos.xml,1728432516,1728432516
Movie BEQs/A Quiet Place- Day One (2024) (-2.0 gain) BEQ Atmos.xml,1728441971,1728441971
Movie BEQs/Kill (2023) (+3.5 gain) BEQ Atmos.xml,1728654909,1728654909
TV Shows BEQ/Arcane (2021) (Season 1) (+2.5 gain) BEQ TrueHD 5.1.xml,1728692000,1728692000
Movie BEQs/Alien- Romulus (2024) (+2.0 gain) BEQ DD+ Atmos.xml,1728946014,1728946014
Movie BEQs/Twisters (2024) (+4.0 gain) BEQ Atmos.xml,1728946014,1728946014
Movie BEQs/Borderlands (2024) (+4.0 gain) BEQ Atmos.xml,1729207594,1729207594
Movie BEQs/Deadpool & Wolverine (2024) (+0.5 gain) BEQ Atmos.xml,1729474187,1729474187
Movie BEQs/Transformers One (2024) (+2.0 gain) BEQ DD+ Atmos.xml,1729635106,1729635106
Movie BEQs/Joker- Folie à Deux (2024) (+2.5 gain) BEQ DD+ Atmos.xml,1730344491,1730344491
Movie BEQs/Maleficent- Mistress of Evil (2019) (+1.5 gain) BEQ Atmos.xml,1731020147,1731020147
Movie BEQs/Rush (2013) (-3.0 gain) BEQ Atmos.xml,1731681839,1731681839
Movie BEQs/Ballerina (2025) (-2.0 gain) BEQ DD+ Atmos.xml,1755222570,1756334404
Movie BEQs/Jurassic World Rebirth (2025) (+1.0 gain) BEQ DD+ Atmos.xml,1755222570,1757001664
Movie BEQs/28 Years Later (2025) (+1.5 gain) BEQ DD+ Atmos.xml,1755318440,1755318440
Movie BEQs/Superman (2025) (iTunes) (-1.5 gain) BEQ DD+ Atmos.xml,1755318440,1755318440
Movie BEQs/Until Dawn (2025) (+2.0 gain) BEQ Atmos.xml,1755318440,1755318440
Movie BEQs/Thunderbolts (2025) (+2.0 gain) BEQ Atmos.xml,1755372409,1755372409
Movie BEQs/Mission- Impossible - The Final Reckoning (2025) (Apple TV+) (-1.0 gain) BEQ DD+ Atmos.xml,1755444296,1755444296
TV Shows BEQ/Formula 1- Drive to Survive (2025) (Season 7) (Netflix) (+4.0 gain) BEQ DD+ Atmos.xml,1755473686,1755473686
Movie BEQs/F1 (2025) (iTunes) (+1.0 gain) BEQ DD+ Atmos.xml,1755814041,1755814041
Movie BEQs/Karate Kid- Legends (2025) (+3.5 gain) BEQ Atmos.xml,1755814041,1755814041
Movie BEQs/Predator- Killer of Killers (2025) (+2.0 gain) BEQ DD+ Atmos.xml,1755891201,1755891201
Movie BEQs/The Accountant² (2025) (+1.0 gain) BEQ Atmos.xml,1755891201,1755891201
Movie BEQs/Captain America- Brave New World (2025) (+1.0 gain) BEQ Atmos.xml,1755904155,1755904155
Movie BEQs/Kraven the Hunter (2024) BEQ Atmos.xml,1755904155,1755904155
Movie BEQs/Shin Godzilla (2016) (+2.5 gain) BEQ DTS-HD MA 3.1.xml,1755904155,1756874601
Movie BEQs/Constantine (2005) (-2.0 gain) BEQ Atmos.xml,1755911282,1762102195
Movie BEQs/Eenie Meanie (2025) (Disney+) (+2.0 gain) BEQ DD+ Atmos.xml,1755967921,1755967921
Movie BEQs/The Lord of the Rings- The War of the Rohirrim (2024) (+5.0 gain) BEQ Atmos.xml,1756006547,1756006547
Movie BEQs/Master and Commander- The Far Side of the World (2003) BEQ Atmos.xml,1756077235,1756077235
Movie BEQs/Ballerina (2025) (-2.0 gain) BEQ Atmos.xml,1756335844,1756335844
Movie BEQs/The Old Guard 2 (2025) (Netflix) (-2.0 gain) BEQ DD+ Atmos.xml,1756349140,1756349140
TV Shows BEQ/Twisted Metal (2025) (Season 2E1) (Peacock) (+7.5 gain) BEQ DD+.xml,1756491647,1756491647
TV Shows BEQ/Twisted Metal (2025) (Season 2E10) (Peacock) (-0.5 gain) BEQ DD+.xml,1756491647,1756491647
"TV Shows BEQ/Twisted Metal (2025) (Season 2E2, 4-5, 7-9, 11-12) (Peacock) (+2.5 gain) BEQ DD+.xml",1756491647,1756491647
TV Shows BEQ/Twisted Metal (2025) (Season 2E3) (Peacock) (+4.0 gain) BEQ DD+.xml,1756491647,1756491647
TV Shows BEQ/Twisted Metal (2025) (Season 2E6) (Peacock) (-4.5 gain) BEQ DD+.xml,1756491647,1756491647
Movie BEQs/Nobody 2 (2025) (iTunes) (+1.0 gain) BEQ DD+ Atmos.xml,1756880447,1756880447
Movie BEQs/The Hunt (2020) (+0.5 gain) BEQ Atmos.xml,1756880447,1756880447
TV Shows BEQ/Wednesday (2022) (Season 1) (Netflix) (+3.0 gain) BEQ DD+ Atmos.xml,1756920310,1756920310
TV Shows BEQ/Wednesday (2025) (Season 2) (Netflix) (+4.0 gain) BEQ DD+ Atmos.xml,1756920310,1756953296
Movie BEQs/Jurassic World Rebirth (2025) (+1.0 gain) BEQ Atmos.xml,1757004871,1757004871
Movie BEQs/Gladiator II (2024) (+3.0 gain) BEQ Atmos.xml,1757008829,1757008829
Movie BEQs/Transformers One (2024) (+2.0 gain) BEQ Atmos.xml,1757016136,1757016136
Movie BEQs/How to Train Your Dragon (2025) (IMAX) (+4.0 gain) BEQ Atmos.xml,1757026978,1757026978
Movie BEQs/Percy Jackson & the Olympians- The Lightning Thief (2010) (-1.0 gain) BEQ DTS-HD MA 5.1.xml,1757033865,1757033865
Movie BEQs/Percy Jackson- Sea of Monsters (2013) (+0.5 gain) BEQ DTS-HD MA 7.1.xml,1757033865,1757033865
Movie BEQs/Power Rangers (2017) BEQ Atmos.xml,1757033865,1757033865
Movie BEQs/Guns Up (2025) (+5.0 gain) BEQ DTS-HD MA 5.1.xml,1757368723,1757368723
Movie BEQs/Barbarian (2022) (+4.0 gain) BEQ DD+.xml,1757545024,1757545024
Movie BEQs/I Know What You Did Last Summer (2025) (+3.5 gain) BEQ DD+ Atmos.xml,1757545024,1757545024
Movie BEQs/The Last Witch Hunter (2015) BEQ DTS-X.xml,1757545024,1757545024
Movie BEQs/The Green Hornet (2011) (-1.5 gain) BEQ DTS-HD MA 5.1.xml,1757562472,1761102661
Movie BEQs/The A-Team (2010) (Unrated Extended Cut) (+1.0 gain) BEQ DTS-HD MA 5.1.xml,1757599956,1757602079
Movie BEQs/Under Fire (2025) (Amazon) (+2.5 gain) BEQ DD+.xml,1757603097,1757603097
Movie BEQs/Weapons (2025) (iTunes) (+2.0 gain) BEQ DD+ Atmos.xml,1757605721,1757605721
Movie BEQs/Red Sonja (2025) (+4.0 gain) BEQ DD+.xml,1757645111,1757645111
Movie BEQs/Red One (2024) (+2.5 gain) BEQ Atmos.xml,1757780925,1757782266
Movie BEQs/Death Race (2008) (Unrated) (-3.0 gain) BEQ DTS-HD MA 5.1.xml,1757870104,1757870104
Movie BEQs/Sunshine (2007) BEQ DTS-HD MA 5.1.xml,1757870104,1757870104
Movie BEQs/The Instigators (2024) (Apple TV+) (+1.0 gain) BEQ DD+ Atmos.xml,1757870104,1757870104
Movie BEQs/TRON- Legacy (2010) (-1.5 gain) BEQ Atmos.xml,1757990488,1757990488
Movie BEQs/Tron (1982) (+1.0 gain) BEQ Atmos.xml,1757990488,1757990488
Movie BEQs/Superman (2025) (-1.5 gain) BEQ Atmos.xml,1758000489,1758000489
Movie BEQs/Underwater (2020) (-2.0 gain) BEQ DTS-HD MA 7.1.xml,1758000936,1758576939
Movie BEQs/28 Years Later (2025) (+5.0 gain) BEQ Atmos.xml,1758001658,1758001658
Movie BEQs/Kingdom of Heaven (2005) (Director's Cut - Roadshow Version) (+0.5 gain) BEQ Atmos.xml,1758157224,1758157224
Movie BEQs/The Transporter (2002) (-2.5 gain) BEQ TrueHD 5.1.xml,1758176307,1758176307
Movie BEQs/Transporter 2 (2005) (-3.0 gain) BEQ TrueHD 5.1.xml,1758176307,1758176307
Movie BEQs/Transporter 3 (2008) (-0.5 gain) BEQ Atmos.xml,1758176307,1758176307
Movie BEQs/Final Destination Bloodlines (2025) (-1.0 gain) BEQ Atmos.xml,1758176883,1758176883
Movie BEQs/The Fantastic 4- First Steps (2025) (iTunes) (+1.5 gain) BEQ DD+ Atmos.xml,1758565424,1758565424
"TV Shows BEQ/Alien- Earth (2025) (Season 1E1, 3, 6-8) (Disney+) (+3.0 gain) BEQ DD+.xml",1758684789,1758684789
"TV Shows BEQ/Alien- Earth (2025) (Season 1E2, 4-5) (Disney+) (+3.0 gain) BEQ DD+.xml",1758684789,1758684789
Movie BEQs/F1 (2025) (+1.0 gain) BEQ Atmos.xml,1758940200,1758940200
TV Shows BEQ/Marvel Zombies (2025) (Season 1) (Disney+) (+3.5 gain) BEQ DD+ Atmos.xml,1759033128,1759033128
Movie BEQs/Caught Stealing (2025) (iTunes) (+2.0 gain) BEQ DD+ Atmos.xml,1759276056,1759276056
TV Shows BEQ/Carnival Row (2019) (Season 1) (Amazon) (+4.5 gain) BEQ DD+ Atmos.xml,1759294992,1759294992
TV Shows BEQ/Carnival Row (2023) (Season 2E7) (Amazon) (+6.5 gain) BEQ DD+ Atmos.xml,1759299570,1759299570
"TV Shows BEQ/Carnival Row (2023) (Season S2E1-6, 8) (Amazon) (+4.5 gain) BEQ DD+ Atmos.xml",1759299570,1759299570
Movie BEQs/Nobody 2 (2025) (+1.0 gain) BEQ Atmos.xml,1759454932,1759454932
Movie BEQs/Play Dirty (2025) (Amazon) (+1.0 gain) BEQ DD+.xml,1759455828,1759455828
Movie BEQs/Monster Summer (2024) (+5.5 gain) BEQ DTS-HD MA 5.1.xml,1759535197,1759535197
Movie BEQs/The Lost Bus (2025) (Apple TV+) (+2.5 gain) BEQ DD+ Atmos.xml,1759535197,1759535197
Movie BEQs/The Fantastic 4- First Steps (2025) (+1.5 gain) BEQ Atmos.xml,1759697186,1759697186
Movie BEQs/The Conjuring- Last Rites (2025) (+3.0 gain) BEQ DD+.xml,1759798136,1759798136
Movie BEQs/HIM (2025) (iTunes) (+1.5 gain) BEQ DD+ Atmos.xml,1759859106,1759859106
Movie BEQs/The Conjuring- Last Rites (2025) (Movies Anywhere Release) (+0.5 gain) BEQ DD+ Atmos.xml,1759859106,1759859106
Movie BEQs/The Count of Monte Cristo (2024) (+5.5 gain) BEQ Atmos.xml,1759972613,1759972613
"TV Shows BEQ/Carnival Row (2023) (Season S2E1-6, 8-10) (Amazon) (+4.5 gain) BEQ DD+ Atmos.xml",1760050353,1760058468
Movie BEQs/Weapons (2025) (+2.0 gain) BEQ Atmos.xml,1760056369,1760056369
Movie BEQs/Mission- Impossible - The Final Reckoning (2025) (-1.0 gain) BEQ Atmos.xml,1760196960,1760196960
Movie BEQs/Punisher- War Zone (2008) (-0.5 gain) BEQ Atmos.xml,1761103571,1761103571
Movie BEQs/A Nightmare on Elm Street (2010) (+1.5 gain) BEQ DTS-HD MA 5.1.xml,1761263602,1761263602
Movie BEQs/Need for Speed (2014) BEQ DTS-HD MA 7.1.xml,1761264032,1761264032
Movie BEQs/Afterburn (2025) (Amazon) (+1.0 gain) BEQ DD+.xml,1761275103,1761275103
Movie BEQs/The Matrix (1999) (-2.5 gain) BEQ Atmos.xml,1761282971,1761282971
TV Shows BEQ/The Witcher (2025) (Season 4) (Netflix) (+1.5 gain) BEQ DD+ Atmos.xml,1762036562,1762036562
Movie BEQs/The Rats- A Witcher Tale (2025) (Netflix) (+2.0 gain) BEQ DD+ Atmos.xml,1762036847,1762036847
"TV Shows BEQ/Foundation (2021) (Season 1E1, 3, 8) (Apple TV+) (+5.0 gain) BEQ DD+ Atmos.xml",1762101630,1762101630
"TV Shows BEQ/Foundation (2021) (Season 1E2, 5, 9-10) (Apple TV+) (+5.0 gain) BEQ DD+ Atmos.xml",1762101630,1762101630
"TV Shows BEQ/Foundation (2021) (Season 1E4, 6-7) (Apple TV+) (+5.0 gain) BEQ DD+ Atmos.xml",1762101630,1762101630
"TV Shows BEQ/Foundation (2023) (Season 2E1-5, 7-8) (Apple TV+) (+3.5 gain) BEQ DD+ Atmos.xml",1762101630,1762101630
TV Shows BEQ/Foundation (2023) (Season 2E10) (Apple TV+) (+3.5 gain) BEQ DD+ Atmos.xml,1762101630,1762101630
"TV Shows BEQ/Foundation (2023) (Season 2E6, 9) (Apple TV+) (+3.5 gain) BEQ DD+ Atmos.xml",1762101630,1762102542
"TV Shows BEQ/Foundation (2025) (Season 3E1-2, 4, 6, 8-9) (Apple TV+) (+4.0 gain) BEQ DD+ Atmos.xml",1762101630,1762101630
TV Shows BEQ/Foundation (2025) (Season 3E3) (Apple TV+) (+5.0 gain) BEQ DD+ Atmos.xml,1762101630,1762101630
"TV Shows BEQ/Foundation (2025) (Season 3E5, 7, 10) (Apple TV+) (+2.5 gain) BEQ DD+ Atmos.xml",1762101630,1762101630
Movie BEQs/Frankenstein (2025) (Netflix) (+2.0 gain) BEQ DD+ Atmos.xml,1762621671,1762621671
Movie BEQs/Pride and Prejudice and Zombies (2016) (+0.5 gain) BEQ Atmos.xml,1763952757,1763952757
Movie BEQs/The Family Plan 2 (2025) (Apple TV+) (+5.0 gain) BEQ DD+ Atmos.xml,1763952757,1763952757
Movie BEQs/Black Phone 2 (2025) (iTunes) BEQ DD+ Atmos.xml,1763953804,1763953804
TV Shows BEQ/Stranger Things (2025) (Season 5E1-4) (Netflix) (-1.0 gain) BEQ DD+ Atmos.xml,1764261630,1764261630
Movie BEQs/TRON- Ares (2025) (iTunes) (-1.5 gain) BEQ DD+ Atmos.xml,1764606943,1764627239
Movie BEQs/Sisu- Road to Revenge (2025) (+5.5 gain) BEQ DD+ Atmos.xml,1766275689,1766275689
"Movie BEQs/The Chronicles of Narnia- The Lion, the Witch and the Wardrobe (2005) (+1.0 gain) BEQ DD+ Atmos.xml",1766275689,1766275689
Movie BEQs/The Running Man (2025) (iTunes) (+3.0 gain) BEQ DD+ Atmos.xml,1766275689,1766275689
Movie BEQs/Dracula (2025) (+3.0 gain) BEQ Atmos.xml,1766331324,1766331324
Movie BEQs/Now You See Me- Now You Don't (2025) (iTunes) (+4.0 gain) BEQ DD+ Atmos.xml,1766331324,1766331324
Movie BEQs/Wake Up Dead Man- A Knives Out Mystery (2025) (Netflix) (+6.0 gain) BEQ DD+ Atmos.xml,1766340338,1766340338
TV Shows BEQ/IT- Welcome to Derry (2025) (Season S1E1-6) (HBOMax) BEQ DD+ Atmos.xml,1766353257,1767290525
TV Shows BEQ/IT- Welcome to Derry (2025) (Season S1E7-8) (HBOMax) (-0.5 gain) BEQ DD+ Atmos.xml,1766353257,1766353257
Movie BEQs/Five Nights at Freddy's 2 (2025) (Apple TV+) (+2.5 gain) BEQ DD+ Atmos.xml,1766591321,1766591321
Movie BEQs/Nuremberg (2025) (iTunes) (+6.0 gain) BEQ DD+ Atmos.xml,1766724157,1766724157
TV Shows BEQ/Stranger Things (2025) (Season 5E1-7) (Netflix) (-1.0 gain) BEQ DD+ Atmos.xml,1766769159,1766769159
Movie BEQs/TRON- Ares (2025) (-1.5 gain) BEQ Atmos.xml,1766771069,1766771069
TV Shows BEQ/Stranger Things (2025) (Season 5E8) (-2.5 gain) BEQ DD+ Atmos.xml,1767290057,1767290057
Movie BEQs/Predator- Badlands (2025) (iTunes) (+1.0 gain) BEQ DD+ Atmos.xml,1767655588,1767655588
Movie BEQs/Primitive War (2025) (+1.0 gain) BEQ DTS-HD MA 5.1.xml,1767918541,1767918541
Movie BEQs/X-Men- Days of Future Past (2014) (The Rogue Cut) (-1.0 gain) BEQ DTS-HD MA 7.1.xml,1767991515,1767991515
Movie BEQs/Anaconda (2026) (+4.5 gain) BEQ DD+ Atmos.xml,1769568333,1769568333
Movie BEQs/Greenland 2- Migration (2026) (iTunes) (+3.5 gain) BEQ DD+ Atmos.xml,1769582102,1769582102
Movie BEQs/Sinners (2025) (+1.0 gain) BEQ Atmos.xml,1769582102,1769582102
Movie BEQs/The Wrecking Crew (2026) (Amazon) (-0.5 gain) BEQ DD+ Atmos.xml,1769667048,1769667048
